id,0
44,0
49,1
54,2
56,3
62,4
66,5
71,6
76,7
102,8
104,9
116,10
129,11
142,12
150,13
153,14
155,15
159,16
167,17
168,18
179,19
192,20
198,21
200,22
203,23
211,24
220,25
230,26
232,27
242,28
246,29
250,30
261,31
267,32
271,33
278,34
280,35
314,36
319,37
324,38
334,39
346,40
356,41
376,42
378,43
397,44
414,45
432,46
445,47
451,48
456,49
468,50
479,51
480,52
481,53
487,54
506,55
519,56
520,57
536,58
541,59
542,60
543,61
548,62
550,63
552,64
556,65
558,66
566,67
567,68
568,69
571,70
573,71
588,72
601,73
604,74
607,75
615,76
619,77
632,78
642,79
647,80
648,81
664,82
667,83
671,84
686,85
693,86
719,87
744,88
749,89
754,90
773,91
780,92
794,93
809,94
810,95
820,96
822,97
825,98
834,99
851,100
860,101
897,102
903,103
916,104
930,105
932,106
947,107
992,108
1005,109
1032,110
1035,111
1042,112
1078,113
1086,114
1117,115
1119,116
1133,117
1149,118
1157,119
1170,120
1171,121
1207,122
1209,123
1236,124
1267,125
1293,126
1306,127
1317,128
1322,129
1356,130
1387,131
1423,132
1438,133
1460,134
1505,135
1522,136
1551,137
1559,138
1581,139
1600,140
1631,141
1633,142
1780,143
1809,144
1873,145
1904,146
1944,147
1982,148
2032,149
2056,150
2066,151
2072,152
2086,153
2137,154
2169,155
2216,156
2267,157
2278,158
2364,159
2366,160
2373,161
2393,162
2422,163
2479,164
2496,165
2498,166
2505,167
2509,168
2510,169
2526,170
2532,171
2537,172
2545,173
2561,174
2583,175
2608,176
2625,177
2642,178
2663,179
2670,180
2677,181
2682,182
2686,183
2687,184
2695,185
2707,186
2708,187
2713,188
2767,189
2768,190
2770,191
2772,192
2781,193
2783,194
2791,195
2811,196
2814,197
2816,198
2820,199
2862,200
2885,201
2886,202
2901,203
2903,204
2910,205
2930,206
2940,207
2941,208
2987,209
3009,210
3034,211
3037,212
3049,213
3051,214
3053,215
3054,216
3057,217
3059,218
3091,219
3092,220
3094,221
3110,222
3120,223
3132,224
3155,225
3157,226
3158,227
3161,228
3166,229
3167,230
3168,231
3169,232
3171,233
3180,234
3201,235
3213,236
3250,237
3285,238
3294,239
3313,240
3317,241
3333,242
3337,243
3349,244
3355,245
3361,246
3368,247
3370,248
3386,249
3397,250
3400,251
3408,252
3436,253
3439,254
3441,255
3448,256
3451,257
3470,258
3471,259
3472,260
3474,261
3493,262
3511,263
3517,264
3520,265
3548,266
3558,267
3559,268
3560,269
3561,270
3564,271
3567,272
3568,273
3570,274
3577,275
3579,276
3586,277
3587,278
3589,279
3594,280
3595,281
3596,282
3598,283
3599,284
3610,285
3616,286
3651,287
3671,288
3683,289
3687,290
3689,291
3709,292
3711,293
3713,294
3721,295
3730,296
3734,297
3738,298
3741,299
3745,300
3748,301
3779,302
3782,303
3794,304
3805,305
3806,306
3846,307
3857,308
3877,309
3888,310
3895,311
3900,312
3911,313
3929,314
3953,315
3954,316
3975,317
3978,318
3983,319
3988,320
3989,321
3993,322
4007,323
4008,324
4017,325
4018,326
4042,327
4049,328
4050,329
4058,330
4065,331
4075,332
4084,333
4089,334
4132,335
4141,336
4143,337
4151,338
4156,339
4165,340
4167,341
4178,342
4205,343
4213,344
4218,345
4219,346
4237,347
4261,348
4271,349
4284,350
4285,351
4287,352
4292,353
4294,354
4296,355
4330,356
4332,357
4342,358
4366,359
4368,360
4378,361
4392,362
4393,363
4395,364
4417,365
4423,366
4450,367
4451,368
4460,369
4471,370
4485,371
4496,372
4545,373
4546,374
4560,375
4571,376
4573,377
4574,378
4594,379
4597,380
4605,381
4608,382
4627,383
4637,384
4663,385
4667,386
4682,387
4684,388
4736,389
4762,390
4764,391
4765,392
4779,393
4785,394
4790,395
4807,396
4840,397
4842,398
4843,399
4859,400
4861,401
4873,402
4875,403
4877,404
4891,405
4892,406
4897,407
4900,408
4952,409
4957,410
4981,411
4984,412
5000,413
5018,414
5021,415
5024,416
5028,417
5029,418
5031,419
5033,420
5049,421
5063,422
5082,423
5083,424
5092,425
5096,426
5108,427
5150,428
5158,429
5170,430
5174,431
5184,432
5194,433
5207,434
5213,435
5221,436
5224,437
5245,438
5247,439
5274,440
5277,441
5287,442
5293,443
5297,444
5335,445
5365,446
5366,447
5368,448
5408,449
5424,450
5429,451
5434,452
5447,453
5450,454
5453,455
5465,456
5466,457
5467,458
5477,459
5478,460
5483,461
6442,462
6449,463
6482,464
6493,465
6505,466
6521,467
6536,468
6547,469
6570,470
6584,471
6602,472
6605,473
6614,474
6625,475
6627,476
6638,477
6640,478
6649,479
6653,480
6670,481
6675,482
6854,483
6873,484
6897,485
6916,486
6919,487
6930,488
6932,489
6934,490
6952,491
6957,492
6958,493
6971,494
6992,495
7006,496
7019,497
7020,498
7036,499
7037,500
7058,501
7061,502
7064,503
7073,504
7098,505
7101,506
7118,507
7125,508
7141,509
7154,510
7169,511
7184,512
7220,513
7226,514
7235,515
7299,516
7323,517
7340,518
7359,519
7397,520
7400,521
7404,522
7408,523
7417,524
7435,525
7437,526
7465,527
7478,528
7537,529
7553,530
7556,531
7572,532
7585,533
7589,534
7594,535
7595,536
7602,537
7612,538
7614,539
7629,540
7674,541
7678,542
7682,543
7695,544
7702,545
7708,546
7722,547
7728,548
7746,549
7750,550
7751,551
7760,552
7763,553
7798,554
7811,555
7812,556
7817,557
7829,558
7883,559
7888,560
7904,561
7913,562
7929,563
7941,564
7949,565
7968,566
8039,567
8060,568
8061,569
8073,570
8099,571
8143,572
8163,573
8166,574
8167,575
8180,576
8184,577
8244,578
8260,579
8264,580
8278,581
8309,582
8364,583
8374,584
8384,585
8392,586
8410,587
8418,588
8423,589
8424,590
8432,591
8453,592
8468,593
8483,594
8486,595
8487,596
8491,597
8494,598
8497,599
8499,600
8500,601
8507,602
8509,603
8513,604
8519,605
8528,606
8531,607
8534,608
8542,609
8547,610
8554,611
8556,612
8564,613
8566,614
8567,615
8574,616
8575,617
8579,618
8581,619
8587,620
8589,621
8590,622
8592,623
8594,624
8596,625
8597,626
8599,627
8600,628
8602,629
8603,630
8609,631
8613,632
8616,633
8617,634
8619,635
8620,636
8624,637
8626,638
8634,639
8635,640
8640,641
8648,642
8649,643
8650,644
8654,645
8665,646
8668,647
8673,648
8674,649
8691,650
8692,651
8696,652
8700,653
8701,654
8704,655
8706,656
8721,657
8726,658
8730,659
8739,660
8744,661
8745,662
8749,663
8754,664
8756,665
8757,666
8763,667
8771,668
8782,669
8785,670
8788,671
8792,672
8794,673
8798,674
8802,675
8803,676
8806,677
8813,678
8814,679
8820,680
8844,681
8845,682
8846,683
8847,684
8866,685
8872,686
8880,687
8892,688
8899,689
8902,690
8908,691
8924,692
8925,693
8926,694
8935,695
8937,696
8949,697
8953,698
8968,699
8969,700
8970,701
8972,702
8984,703
8987,704
8995,705
8996,706
9004,707
9012,708
9023,709
9024,710
9028,711
9029,712
9032,713
9033,714
9036,715
9039,716
9048,717
9050,718
9054,719
9055,720
9058,721
9060,722
9061,723
9064,724
9073,725
9108,726
9113,727
9116,728
9117,729
9125,730
9126,731
9130,732
9137,733
9142,734
9143,735
9144,736
9154,737
9155,738
9156,739
9160,740
9165,741
9168,742
9173,743
9176,744
9180,745
9186,746
9225,747
9232,748
9240,749
9244,750
9249,751
9250,752
9254,753
9259,754
9265,755
9267,756
9269,757
9270,758
9271,759
9272,760
9274,761
9280,762
9325,763
9326,764
9327,765
9350,766
9351,767
9353,768
9361,769
9363,770
9370,771
9382,772
9389,773
9403,774
9407,775
9414,776
9417,777
9425,778
9430,779
9456,780
9458,781
9483,782
9490,783
9494,784
9496,785
9497,786
9503,787
9506,788
9518,789
9526,790
9527,791
9528,792
9531,793
9533,794
9539,795
9545,796
9549,797
9683,798
9713,799
9714,800
9715,801
9716,802
9732,803
9736,804
9737,805
9746,806
9757,807
9769,808
9773,809
9780,810
9781,811
9782,812
9795,813
9808,814
9822,815
9824,816
9836,817
9841,818
9842,819
9845,820
9848,821
9852,822
9860,823
9870,824
9872,825
9954,826
9957,827
9958,828
9965,829
9970,830
9973,831
9974,832
9979,833
9989,834
9998,835
10022,836
10045,837
10046,838
10053,839
10075,840
10082,841
10084,842
10088,843
10090,844
10095,845
10096,846
10101,847
10111,848
10117,849
10123,850
10125,851
10127,852
10128,853
10131,854
10134,855
10135,856
10140,857
10145,858
10146,859
10155,860
10162,861
10166,862
10167,863
10190,864
10191,865
10196,866
10198,867
10201,868
10203,869
10205,870
10211,871
10239,872
10251,873
10254,874
10266,875
10268,876
10269,877
10273,878
10281,879
10294,880
10296,881
10299,882
10309,883
10317,884
10318,885
10326,886
10327,887
10331,888
10332,889
10338,890
10341,891
10342,892
10344,893
10349,894
10350,895
10353,896
10358,897
10367,898
10372,899
10381,900
10382,901
10385,902
10404,903
10406,904
10410,905
10422,906
10423,907
10428,908
10430,909
10440,910
10443,911
10445,912
10452,913
10457,914
10459,915
10460,916
10464,917
10467,918
10468,919
10478,920
10481,921
10491,922
10499,923
10507,924
10510,925
10511,926
10554,927
10566,928
10579,929
10580,930
10581,931
10584,932
10589,933
10600,934
10614,935
10620,936
10623,937
10628,938
10633,939
10644,940
10653,941
10656,942
10661,943
10663,944
10665,945
10671,946
10677,947
10681,948
10691,949
10696,950
10698,951
10705,952
10712,953
10721,954
10723,955
10729,956
10733,957
10736,958
10744,959
10753,960
10757,961
10759,962
10777,963
10785,964
10794,965
10808,966
10810,967
10813,968
10819,969
10830,970
10833,971
10836,972
10837,973
10839,974
10840,975
10852,976
10858,977
10865,978
10866,979
10870,980
10876,981
10889,982
10901,983
10903,984
10922,985
10928,986
10949,987
10958,988
10965,989
10966,990
10986,991
11001,992
11020,993
11028,994
11030,995
11038,996
11040,997
11042,998
11062,999
11067,1000
11076,1001
11078,1002
11098,1003
11107,1004
11116,1005
11119,1006
11130,1007
11135,1008
11138,1009
11147,1010
11149,1011
11152,1012
11156,1013
11163,1014
11166,1015
11168,1016
11177,1017
11180,1018
11181,1019
11189,1020
11194,1021
11200,1022
11209,1023
11217,1024
11220,1025
11221,1026
11233,1027
11237,1028
11252,1029
11266,1030
11277,1031
11278,1032
11286,1033
11290,1034
11296,1035
11297,1036
11298,1037
11307,1038
11316,1039
11329,1040
11340,1041
11345,1042
11347,1043
11357,1044
11365,1045
11367,1046
11369,1047
11372,1048
11382,1049
11385,1050
11386,1051
11389,1052
11390,1053
11391,1054
11393,1055
11397,1056
11405,1057
11412,1058
11419,1059
11420,1060
11422,1061
11424,1062
11427,1063
11429,1064
11431,1065
11433,1066
11445,1067
11460,1068
11463,1069
11467,1070
11470,1071
11474,1072
11475,1073
11476,1074
11487,1075
11488,1076
11489,1077
11492,1078
11497,1079
11502,1080
11508,1081
11514,1082
11516,1083
11522,1084
11523,1085
11527,1086
11530,1087
11531,1088
11538,1089
11542,1090
11544,1091
11548,1092
11550,1093
11558,1094
11571,1095
11581,1096
11591,1097
11593,1098
11594,1099
11595,1100
11599,1101
11616,1102
11619,1103
11624,1104
11630,1105
11633,1106
11640,1107
11642,1108
11644,1109
11657,1110
11658,1111
11661,1112
11669,1113
11672,1114
11699,1115
11706,1116
11722,1117
11727,1118
11734,1119
11753,1120
11756,1121
11757,1122
11760,1123
11763,1124
11767,1125
11770,1126
11778,1127
11779,1128
11789,1129
11791,1130
11796,1131
11799,1132
11808,1133
11811,1134
11816,1135
11827,1136
11852,1137
11868,1138
11874,1139
11876,1140
11883,1141
11885,1142
11886,1143
11912,1144
11913,1145
11915,1146
11919,1147
11923,1148
11924,1149
11930,1150
11961,1151
11969,1152
11970,1153
11980,1154
11984,1155
12019,1156
12026,1157
12027,1158
12030,1159
12033,1160
12034,1161
12039,1162
12044,1163
12055,1164
12061,1165
12067,1166
12077,1167
12079,1168
12080,1169
12083,1170
12084,1171
12094,1172
12097,1173
12103,1174
12105,1175
12115,1176
12122,1177
12125,1178
12134,1179
12140,1180
12157,1181
12166,1182
12177,1183
12181,1184
12192,1185
12194,1186
12199,1187
12207,1188
12210,1189
12223,1190
12227,1191
12232,1192
12244,1193
12247,1194
12249,1195
12275,1196
12278,1197
12284,1198
12291,1199
12295,1200
12298,1201
12303,1202
12309,1203
12313,1204
12314,1205
12316,1206
12326,1207
12330,1208
12339,1209
12349,1210
12354,1211
12360,1212
12362,1213
12365,1214
12367,1215
12369,1216
12371,1217
12374,1218
12375,1219
12376,1220
12395,1221
12396,1222
12399,1223
12406,1224
12408,1225
12410,1226
12423,1227
12429,1228
12431,1229
12435,1230
12436,1231
12438,1232
12450,1233
12452,1234
12458,1235
12460,1236
12466,1237
12468,1238
12469,1239
12483,1240
12488,1241
12498,1242
12501,1243
12509,1244
12516,1245
12521,1246
12522,1247
12531,1248
12539,1249
12540,1250
12563,1251
12564,1252
12568,1253
12569,1254
12572,1255
12584,1256
12591,1257
12592,1258
12598,1259
12619,1260
12624,1261
12626,1262
12629,1263
12630,1264
12633,1265
12648,1266
12652,1267
12656,1268
12660,1269
12662,1270
12668,1271
12677,1272
12684,1273
12697,1274
12709,1275
12716,1276
12730,1277
12744,1278
12755,1279
12761,1280
12765,1281
12767,1282
12784,1283
12787,1284
12792,1285
12794,1286
12802,1287
12807,1288
12808,1289
12809,1290
12818,1291
12832,1292
12836,1293
12837,1294
12838,1295
12841,1296
12847,1297
12849,1298
12851,1299
12867,1300
12873,1301
12874,1302
12877,1303
12881,1304
12893,1305
12898,1306
12901,1307
12902,1308
12907,1309
12910,1310
12916,1311
12917,1312
12918,1313
12919,1314
12920,1315
12933,1316
12957,1317
12960,1318
12967,1319
12975,1320
12977,1321
12981,1322
13000,1323
13005,1324
13011,1325
13012,1326
13044,1327
13045,1328
13067,1329
13070,1330
13094,1331
13098,1332
13108,1333
13125,1334
13126,1335
13148,1336
13157,1337
13158,1338
13162,1339
13168,1340
13170,1341
13178,1342
13181,1343
13185,1344
13186,1345
13187,1346
13188,1347
13200,1348
13210,1349
13214,1350
13219,1351
13221,1352
13228,1353
13233,1354
13242,1355
13251,1356
13252,1357
13253,1358
13264,1359
13267,1360
13269,1361
13274,1362
13275,1363
13285,1364
13293,1365
13303,1366
13307,1367
13320,1368
13328,1369
13349,1370
13352,1371
13367,1372
13371,1373
13372,1374
13373,1375
13379,1376
13380,1377
13388,1378
13389,1379
13391,1380
13395,1381
13399,1382
13404,1383
13405,1384
13432,1385
13445,1386
13452,1387
13453,1388
13464,1389
13467,1390
13473,1391
13479,1392
13481,1393
13493,1394
13512,1395
13519,1396
13526,1397
13546,1398
13549,1399
13554,1400
13555,1401
13556,1402
13573,1403
13577,1404
13584,1405
13586,1406
13596,1407
13608,1408
13610,1409
13612,1410
13613,1411
13618,1412
13619,1413
13620,1414
13625,1415
13630,1416
13639,1417
13640,1418
13656,1419
13659,1420
13661,1421
13669,1422
13680,1423
13682,1424
13685,1425
13689,1426
13700,1427
13704,1428
13705,1429
13707,1430
13716,1431
13729,1432
13745,1433
13750,1434
13758,1435
13782,1436
13785,1437
13801,1438
13813,1439
13820,1440
13834,1441
13842,1442
13847,1443
13858,1444
13864,1445
13868,1446
13875,1447
13892,1448
13906,1449
13909,1450
13911,1451
13921,1452
13923,1453
13948,1454
13949,1455
13961,1456
13969,1457
13982,1458
13994,1459
14004,1460
14005,1461
14019,1462
14026,1463
14030,1464
14031,1465
14042,1466
14049,1467
14052,1468
14057,1469
14058,1470
14059,1471
14061,1472
14062,1473
14070,1474
14081,1475
14086,1476
14091,1477
14099,1478
14101,1479
14106,1480
14111,1481
14114,1482
14123,1483
14125,1484
14127,1485
14130,1486
14134,1487
14137,1488
14170,1489
14172,1490
14175,1491
14178,1492
14186,1493
14187,1494
14190,1495
14199,1496
14200,1497
14208,1498
14220,1499
14221,1500
14226,1501
14242,1502
14248,1503
14255,1504
14259,1505
14260,1506
14286,1507
14295,1508
14300,1509
14301,1510
14303,1511
14306,1512
14315,1513
14325,1514
14331,1515
14337,1516
14357,1517
14358,1518
14359,1519
14361,1520
14367,1521
14381,1522
14384,1523
14388,1524
14396,1525
14398,1526
14401,1527
14405,1528
14406,1529
14409,1530
14410,1531
14412,1532
14415,1533
14424,1534
14433,1535
14453,1536
14457,1537
14462,1538
14467,1539
14468,1540
14471,1541
14472,1542
14480,1543
14494,1544
14499,1545
14514,1546
14517,1547
14519,1548
14520,1549
14522,1550
14526,1551
14530,1552
14531,1553
14537,1554
14539,1555
14549,1556
14552,1557
14561,1558
14563,1559
14565,1560
14569,1561
14577,1562
14578,1563
14580,1564
14593,1565
14607,1566
14625,1567
14652,1568
14667,1569
14670,1570
14680,1571
14681,1572
14684,1573
14689,1574
14696,1575
14701,1576
14716,1577
14738,1578
14740,1579
14741,1580
14742,1581
14756,1582
14762,1583
14777,1584
14784,1585
14788,1586
14794,1587
14796,1588
14804,1589
14812,1590
14814,1591
14832,1592
14835,1593
14836,1594
14838,1595
14845,1596
14860,1597
14865,1598
14873,1599
14886,1600
14892,1601
14895,1602
14897,1603
14899,1604
14904,1605
14906,1606
14910,1607
14911,1608
14918,1609
14920,1610
14927,1611
14928,1612
14930,1613
14953,1614
14955,1615
14959,1616
14966,1617
14967,1618
14974,1619
14979,1620
14984,1621
14988,1622
14991,1623
14995,1624
15002,1625
15003,1626
15006,1627
15012,1628
15018,1629
15021,1630
15027,1631
15029,1632
15031,1633
15038,1634
15039,1635
15043,1636
15047,1637
15060,1638
15062,1639
15063,1640
15068,1641
15072,1642
15076,1643
15091,1644
15098,1645
15101,1646
15104,1647
15107,1648
15111,1649
15117,1650
15145,1651
15148,1652
15154,1653
15163,1654
15165,1655
15166,1656
15173,1657
15188,1658
15191,1659
15194,1660
15195,1661
15210,1662
15220,1663
15228,1664
15229,1665
15242,1666
15251,1667
15263,1668
15265,1669
15276,1670
15277,1671
15280,1672
15283,1673
15286,1674
15294,1675
15301,1676
15304,1677
15309,1678
15330,1679
15332,1680
15340,1681
15343,1682
15344,1683
15345,1684
15347,1685
15348,1686
15350,1687
15362,1688
15364,1689
15372,1690
15389,1691
15395,1692
15397,1693
15411,1694
15413,1695
15414,1696
15416,1697
15420,1698
15426,1699
15428,1700
15431,1701
15439,1702
15450,1703
15454,1704
15466,1705
15477,1706
15478,1707
15487,1708
15489,1709
15503,1710
15507,1711
15509,1712
15518,1713
15522,1714
15525,1715
15529,1716
15532,1717
15551,1718
15559,1719
15562,1720
15570,1721
15578,1722
15580,1723
15584,1724
15587,1725
15589,1726
15595,1727
15623,1728
15625,1729
15641,1730
15646,1731
15654,1732
15656,1733
15658,1734
15668,1735
15682,1736
15688,1737
15690,1738
15725,1739
15736,1740
15740,1741
15747,1742
15763,1743
15773,1744
15779,1745
15785,1746
15788,1747
15808,1748
15813,1749
15826,1750
15828,1751
15835,1752
15843,1753
15846,1754
15848,1755
15862,1756
15863,1757
15875,1758
15878,1759
15886,1760
15889,1761
15901,1762
15911,1763
15917,1764
15927,1765
15937,1766
15963,1767
15968,1768
15980,1769
15983,1770
15988,1771
15990,1772
15996,1773
16008,1774
16015,1775
16017,1776
16028,1777
16048,1778
16051,1779
16061,1780
16067,1781
16093,1782
16106,1783
16109,1784
16110,1785
16115,1786
16120,1787
16123,1788
16130,1789
16132,1790
16136,1791
16139,1792
16143,1793
16150,1794
16152,1795
16171,1796
16193,1797
16195,1798
16211,1799
16213,1800
16216,1801
16221,1802
16222,1803
16235,1804
16246,1805
16259,1806
16260,1807
16271,1808
16272,1809
16273,1810
16283,1811
16286,1812
16287,1813
16311,1814
16315,1815
16320,1816
16325,1817
16328,1818
16333,1819
16365,1820
16371,1821
16376,1822
16377,1823
16397,1824
16399,1825
16401,1826
16412,1827
16432,1828
16438,1829
16456,1830
16465,1831
16470,1832
16472,1833
16475,1834
16479,1835
16482,1836
16489,1837
16498,1838
16500,1839
16501,1840
16502,1841
16511,1842
16512,1843
16518,1844
16529,1845
16531,1846
16533,1847
16546,1848
16550,1849
16554,1850
16557,1851
16558,1852
16569,1853
16570,1854
16575,1855
16576,1856
16584,1857
16587,1858
16588,1859
16598,1860
16599,1861
16603,1862
16610,1863
16618,1864
16624,1865
16628,1866
16632,1867
16642,1868
16652,1869
16655,1870
16656,1871
16659,1872
16662,1873
16666,1874
16680,1875
16682,1876
16687,1877
16696,1878
16698,1879
16702,1880
16705,1881
16712,1882
16713,1883
16715,1884
16716,1885
16717,1886
16719,1887
16720,1888
16722,1889
16726,1890
16733,1891
16742,1892
16745,1893
16746,1894
16773,1895
16805,1896
16813,1897
16826,1898
16831,1899
16834,1900
16836,1901
16842,1902
16849,1903
16851,1904
16855,1905
16856,1906
16858,1907
16859,1908
16860,1909
16866,1910
16870,1911
16871,1912
16881,1913
16883,1914
16884,1915
16885,1916
16887,1917
16888,1918
16892,1919
16901,1920
16902,1921
16904,1922
16908,1923
16911,1924
16913,1925
16917,1926
16922,1927
16938,1928
16948,1929
16955,1930
16957,1931
16967,1932
16990,1933
16991,1934
16999,1935
17000,1936
17001,1937
17002,1938
17004,1939
17006,1940
17031,1941
17033,1942
17034,1943
17038,1944
17040,1945
17045,1946
17051,1947
17058,1948
17073,1949
17075,1950
17080,1951
17083,1952
17086,1953
17089,1954
17092,1955
17093,1956
17095,1957
17101,1958
17107,1959
17109,1960
17111,1961
17113,1962
17118,1963
17123,1964
17126,1965
17134,1966
17139,1967
17140,1968
17141,1969
17148,1970
17172,1971
17175,1972
17176,1973
17181,1974
17186,1975
17197,1976
17200,1977
17204,1978
17210,1979
17213,1980
17222,1981
17225,1982
17227,1983
17231,1984
17232,1985
17233,1986
17248,1987
17251,1988
17253,1989
17254,1990
17260,1991
17263,1992
17265,1993
17284,1994
17287,1995
17288,1996
17293,1997
17300,1998
17307,1999
17309,2000
17310,2001
17316,2002
17326,2003
17331,2004
17344,2005
17355,2006
17356,2007
17357,2008
17359,2009
17360,2010
17364,2011
17365,2012
17366,2013
17375,2014
17382,2015
17386,2016
17394,2017
17395,2018
17398,2019
17399,2020
17402,2021
17407,2022
17421,2023
17444,2024
17449,2025
17457,2026
17471,2027
17475,2028
17480,2029
17483,2030
17499,2031
17506,2032
17509,2033
17510,2034
17514,2035
17515,2036
17518,2037
17522,2038
17524,2039
17527,2040
17528,2041
17557,2042
17563,2043
17572,2044
17574,2045
17582,2046
17586,2047
17588,2048
17590,2049
17591,2050
17596,2051
17598,2052
17600,2053
17601,2054
17615,2055
17617,2056
17618,2057
17627,2058
17631,2059
17634,2060
17648,2061
17649,2062
17651,2063
17655,2064
17656,2065
17658,2066
17681,2067
17701,2068
17704,2069
17722,2070
17724,2071
17725,2072
17726,2073
17748,2074
17751,2075
17752,2076
17753,2077
17762,2078
17763,2079
17764,2080
17767,2081
17769,2082
17776,2083
17778,2084
17794,2085
17795,2086
17811,2087
17823,2088
17824,2089
17826,2090
17865,2091
17866,2092
17867,2093
17880,2094
17882,2095
17889,2096
17892,2097
17899,2098
17904,2099
17905,2100
17911,2101
17913,2102
17917,2103
17927,2104
17937,2105
17943,2106
17944,2107
17954,2108
17959,2109
17961,2110
17962,2111
17963,2112
17964,2113
17965,2114
17976,2115
17977,2116
17978,2117
17985,2118
17987,2119
17990,2120
17998,2121
18007,2122
18010,2123
18013,2124
18014,2125
18015,2126
18016,2127
18020,2128
18025,2129
18026,2130
18029,2131
18039,2132
18040,2133
18053,2134
18058,2135
18061,2136
18065,2137
18066,2138
18070,2139
18085,2140
18095,2141
18101,2142
18103,2143
18110,2144
18116,2145
18121,2146
18124,2147
18147,2148
18148,2149
18157,2150
18163,2151
18172,2152
18174,2153
18185,2154
18197,2155
18200,2156
18209,2157
18216,2158
18229,2159
18236,2160
18255,2161
18265,2162
18266,2163
18268,2164
18273,2165
18286,2166
18296,2167
18305,2168
18307,2169
18308,2170
18327,2171
18354,2172
18358,2173
18359,2174
18364,2175
18375,2176
18378,2177
18387,2178
18388,2179
18410,2180
18412,2181
18414,2182
18422,2183
18434,2184
18435,2185
18446,2186
18454,2187
18458,2188
18461,2189
18462,2190
18481,2191
18487,2192
18503,2193
18512,2194
18513,2195
18514,2196
18517,2197
18529,2198
18541,2199
18547,2200
18552,2201
18556,2202
18575,2203
18580,2204
18583,2205
18586,2206
18589,2207
18597,2208
18599,2209
18601,2210
18605,2211
18613,2212
18620,2213
18639,2214
18643,2215
18647,2216
18651,2217
18652,2218
18657,2219
18663,2220
18669,2221
18674,2222
18675,2223
18688,2224
18690,2225
18693,2226
18703,2227
18725,2228
18729,2229
18732,2230
18740,2231
18741,2232
18742,2233
18762,2234
18774,2235
18778,2236
18803,2237
18816,2238
18829,2239
18831,2240
18834,2241
18839,2242
18872,2243
18877,2244
18879,2245
18880,2246
18888,2247
18890,2248
18894,2249
18897,2250
18902,2251
18910,2252
18911,2253
18914,2254
18923,2255
18942,2256
18947,2257
18951,2258
18955,2259
18960,2260
18970,2261
18973,2262
18976,2263
18992,2264
18995,2265
19001,2266
19004,2267
19007,2268
19012,2269
19020,2270
19023,2271
19026,2272
19042,2273
19046,2274
19047,2275
19050,2276
19056,2277
19061,2278
19065,2279
19066,2280
19068,2281
19071,2282
19078,2283
19091,2284
19097,2285
19107,2286
19111,2287
19115,2288
19123,2289
19127,2290
19135,2291
19141,2292
19142,2293
19152,2294
19154,2295
19155,2296
19164,2297
19177,2298
19200,2299
19209,2300
19210,2301
19213,2302
19221,2303
19223,2304
19227,2305
19229,2306
19239,2307
19250,2308
19252,2309
19257,2310
19259,2311
19260,2312
19267,2313
19279,2314
19282,2315
19284,2316
19299,2317
19300,2318
19301,2319
19302,2320
19305,2321
19308,2322
19310,2323
19312,2324
19315,2325
19322,2326
19324,2327
19328,2328
19345,2329
19353,2330
19355,2331
19356,2332
19379,2333
19380,2334
19383,2335
19388,2336
19395,2337
19411,2338
19417,2339
19420,2340
19421,2341
19424,2342
19433,2343
19445,2344
19453,2345
19457,2346
19464,2347
19472,2348
19483,2349
19484,2350
19492,2351
19502,2352
19504,2353
19507,2354
19513,2355
19517,2356
19522,2357
19525,2358
19529,2359
19533,2360
19537,2361
19538,2362
19541,2363
19542,2364
19556,2365
19559,2366
19565,2367
19577,2368
19578,2369
19581,2370
19583,2371
19590,2372
19596,2373
19611,2374
19613,2375
19649,2376
19650,2377
19653,2378
19654,2379
19655,2380
19666,2381
19667,2382
19677,2383
19678,2384
19700,2385
19710,2386
19713,2387
19717,2388
19724,2389
19725,2390
19737,2391
19740,2392
19766,2393
19788,2394
19807,2395
19815,2396
19817,2397
19821,2398
19823,2399
19840,2400
19841,2401
19842,2402
19844,2403
19849,2404
19851,2405
19859,2406
19861,2407
19866,2408
19871,2409
19875,2410
19876,2411
19884,2412
19891,2413
19895,2414
19901,2415
19909,2416
19912,2417
19915,2418
19921,2419
19931,2420
19943,2421
19952,2422
19957,2423
19962,2424
19983,2425
19984,2426
19989,2427
20036,2428
20037,2429
20046,2430
20048,2431
20060,2432
20061,2433
20064,2434
20072,2435
20076,2436
20080,2437
20083,2438
20086,2439
20099,2440
20107,2441
20109,2442
20112,2443
20125,2444
20130,2445
20134,2446
20155,2447
20157,2448
20158,2449
20159,2450
20161,2451
20167,2452
20172,2453
20184,2454
20196,2455
20225,2456
20226,2457
20233,2458
20235,2459
20245,2460
20266,2461
20272,2462
20283,2463
20287,2464
20289,2465
20296,2466
20340,2467
20352,2468
20356,2469
20357,2470
20374,2471
20376,2472
20379,2473
20387,2474
20408,2475
20421,2476
20425,2477
20429,2478
20431,2479
20444,2480
20445,2481
20447,2482
20462,2483
20470,2484
20476,2485
20492,2486
20499,2487
20500,2488
20507,2489
20528,2490
20537,2491
20539,2492
20545,2493
20549,2494
20565,2495
20570,2496
20574,2497
20575,2498
20577,2499
20578,2500
20591,2501
20597,2502
20598,2503
20600,2504
20602,2505
20606,2506
20612,2507
20613,2508
20616,2509
20624,2510
20628,2511
20641,2512
20643,2513
20644,2514
20654,2515
20658,2516
20662,2517
20665,2518
20670,2519
20678,2520
20679,2521
20684,2522
20689,2523
20707,2524
20713,2525
20731,2526
20736,2527
20746,2528
20751,2529
20755,2530
20756,2531
20762,2532
20763,2533
20773,2534
20778,2535
20780,2536
20785,2537
20786,2538
20798,2539
20800,2540
20801,2541
20808,2542
20813,2543
20824,2544
20830,2545
20832,2546
20836,2547
20861,2548
20873,2549
20884,2550
20892,2551
20907,2552
20910,2553
20917,2554
20935,2555
20940,2556
20948,2557
20960,2558
20970,2559
20984,2560
20987,2561
20994,2562
21003,2563
21004,2564
21012,2565
21023,2566
21026,2567
21029,2568
21030,2569
21032,2570
21033,2571
21041,2572
21051,2573
21076,2574
21084,2575
21102,2576
21104,2577
21105,2578
21111,2579
21117,2580
21120,2581
21129,2582
21131,2583
21132,2584
21135,2585
21136,2586
21138,2587
21144,2588
21148,2589
21151,2590
21154,2591
21155,2592
21157,2593
21161,2594
21162,2595
21166,2596
21171,2597
21178,2598
21182,2599
21201,2600
21202,2601
21203,2602
21208,2603
21221,2604
21224,2605
21228,2606
21239,2607
21242,2608
21248,2609
21256,2610
21269,2611
21284,2612
21301,2613
21304,2614
21305,2615
21313,2616
21320,2617
21321,2618
21334,2619
21361,2620
21363,2621
21387,2622
21401,2623
21410,2624
21413,2625
21418,2626
21425,2627
21427,2628
21428,2629
21438,2630
21444,2631
21497,2632
21520,2633
21521,2634
21547,2635
21551,2636
21553,2637
21561,2638
21581,2639
21597,2640
21607,2641
21613,2642
21617,2643
21623,2644
21657,2645
21661,2646
21670,2647
21677,2648
21684,2649
21688,2650
21695,2651
21703,2652
21706,2653
21708,2654
21726,2655
21730,2656
21737,2657
21754,2658
21761,2659
21768,2660
21770,2661
21771,2662
21779,2663
21782,2664
21789,2665
21803,2666
21805,2667
21812,2668
21813,2669
21832,2670
21838,2671
21839,2672
21843,2673
21855,2674
21858,2675
21859,2676
21869,2677
21881,2678
21882,2679
21886,2680
21887,2681
21892,2682
21896,2683
21935,2684
21936,2685
21943,2686
21950,2687
21955,2688
21959,2689
21961,2690
21980,2691
22022,2692
22033,2693
22037,2694
22048,2695
22057,2696
22058,2697
22060,2698
22067,2699
22077,2700
22080,2701
22083,2702
22089,2703
22099,2704
22103,2705
22104,2706
22107,2707
22108,2708
22127,2709
22128,2710
22133,2711
22137,2712
22149,2713
22162,2714
22163,2715
22164,2716
22169,2717
22171,2718
22176,2719
22179,2720
22181,2721
22183,2722
22184,2723
22188,2724
22198,2725
22204,2726
22206,2727
22210,2728
22211,2729
22215,2730
22221,2731
22227,2732
22235,2733
22236,2734
22262,2735
22263,2736
22267,2737
22274,2738
22275,2739
22280,2740
22284,2741
22301,2742
22306,2743
22330,2744
22338,2745
22349,2746
22357,2747
22363,2748
22376,2749
22391,2750
22420,2751
22421,2752
22429,2753
22430,2754
22444,2755
22445,2756
22494,2757
22507,2758
22512,2759
22513,2760
22524,2761
22525,2762
22526,2763
22527,2764
22528,2765
22539,2766
22542,2767
22575,2768
22597,2769
22600,2770
22611,2771
22612,2772
22614,2773
22641,2774
22650,2775
22671,2776
22684,2777
22691,2778
22698,2779
22708,2780
22710,2781
22713,2782
22747,2783
22750,2784
22751,2785
22754,2786
22758,2787
22760,2788
22765,2789
22768,2790
22782,2791
22790,2792
22799,2793
22815,2794
22827,2795
22829,2796
22835,2797
22855,2798
22877,2799
22881,2800
22910,2801
22929,2802
22932,2803
22939,2804
22941,2805
22943,2806
22944,2807
22954,2808
22967,2809
22977,2810
22981,2811
22984,2812
22988,2813
22989,2814
22991,2815
23001,2816
23003,2817
23012,2818
23019,2819
23024,2820
23027,2821
23036,2822
23037,2823
23038,2824
23041,2825
23052,2826
23057,2827
23060,2828
23084,2829
23094,2830
23104,2831
23106,2832
23108,2833
23110,2834
23113,2835
23116,2836
23119,2837
23121,2838
23123,2839
23127,2840
23131,2841
23133,2842
23137,2843
23139,2844
23143,2845
23144,2846
23146,2847
23153,2848
23169,2849
23170,2850
23189,2851
23192,2852
23195,2853
23198,2854
23207,2855
23209,2856
23218,2857
23219,2858
23225,2859
23232,2860
23247,2861
23256,2862
23257,2863
23264,2864
23275,2865
23281,2866
23292,2867
23293,2868
23319,2869
23326,2870
23334,2871
23340,2872
23364,2873
23367,2874
23404,2875
23418,2876
23425,2877
23438,2878
23439,2879
23446,2880
23449,2881
23454,2882
23458,2883
23460,2884
23465,2885
23469,2886
23475,2887
23478,2888
23480,2889
23481,2890
23495,2891
23502,2892
23514,2893
23519,2894
23524,2895
23528,2896
23532,2897
23537,2898
23568,2899
23585,2900
23597,2901
23599,2902
23600,2903
23605,2904
23616,2905
23617,2906
23622,2907
23637,2908
23657,2909
23686,2910
23687,2911
23695,2912
23700,2913
23705,2914
23706,2915
23712,2916
23715,2917
23724,2918
23732,2919
23733,2920
23744,2921
23746,2922
23775,2923
23779,2924
23788,2925
23789,2926
23798,2927
23805,2928
23807,2929
23811,2930
23817,2931
23818,2932
23821,2933
23836,2934
23841,2935
23855,2936
23873,2937
23883,2938
23891,2939
23893,2940
23899,2941
23918,2942
23925,2943
23931,2944
23933,2945
23936,2946
23938,2947
23939,2948
23942,2949
23959,2950
23966,2951
23976,2952
23983,2953
23995,2954
23997,2955
24003,2956
24019,2957
24041,2958
24044,2959
24048,2960
24051,2961
24054,2962
24062,2963
24072,2964
24084,2965
24088,2966
24098,2967
24123,2968
24131,2969
24133,2970
24139,2971
24147,2972
24153,2973
24154,2974
24155,2975
24156,2976
24175,2977
24178,2978
24192,2979
24205,2980
24213,2981
24217,2982
24242,2983
24243,2984
24244,2985
24253,2986
24258,2987
24271,2988
24274,2989
24287,2990
24291,2991
24297,2992
24306,2993
24308,2994
24322,2995
24323,2996
24336,2997
24344,2998
24351,2999
24361,3000
24366,3001
24370,3002
24391,3003
24414,3004
24420,3005
24423,3006
24424,3007
24430,3008
24441,3009
24443,3010
24444,3011
24450,3012
24464,3013
24466,3014
24476,3015
24490,3016
24511,3017
24521,3018
24525,3019
24548,3020
24550,3021
24554,3022
24559,3023
24561,3024
24563,3025
24568,3026
24569,3027
24573,3028
24576,3029
24577,3030
24582,3031
24583,3032
24584,3033
24591,3034
24592,3035
24593,3036
24605,3037
24606,3038
24608,3039
24612,3040
24617,3041
24618,3042
24638,3043
24655,3044
24659,3045
24670,3046
24672,3047
24678,3048
24685,3049
24687,3050
24691,3051
24706,3052
24709,3053
24712,3054
24728,3055
24747,3056
24750,3057
24768,3058
24775,3059
24779,3060
24786,3061
24796,3062
24799,3063
24836,3064
24845,3065
24849,3066
24850,3067
24856,3068
24858,3069
24861,3070
24862,3071
24871,3072
24883,3073
24894,3074
24895,3075
24907,3076
24910,3077
24912,3078
24917,3079
24919,3080
24943,3081
24947,3082
24952,3083
24965,3084
24977,3085
24978,3086
24986,3087
24987,3088
24997,3089
25007,3090
25009,3091
25025,3092
25028,3093
25033,3094
25035,3095
25038,3096
25043,3097
25048,3098
25052,3099
25055,3100
25057,3101
25061,3102
25071,3103
25075,3104
25080,3105
25082,3106
25087,3107
25094,3108
25099,3109
25114,3110
25121,3111
25135,3112
25151,3113
25172,3114
25183,3115
25198,3116
25219,3117
25230,3118
25254,3119
25265,3120
25266,3121
25268,3122
25304,3123
25306,3124
25313,3125
25320,3126
25332,3127
25340,3128
25343,3129
25348,3130
25353,3131
25360,3132
25365,3133
25370,3134
25385,3135
25388,3136
25394,3137
25395,3138
25396,3139
25399,3140
25401,3141
25418,3142
25420,3143
25426,3144
25430,3145
25431,3146
25438,3147
25441,3148
25445,3149
25446,3150
25456,3151
25459,3152
25464,3153
25486,3154
25487,3155
25499,3156
25502,3157
25506,3158
25513,3159
25514,3160
25517,3161
25518,3162
25520,3163
25521,3164
25523,3165
25528,3166
25529,3167
25534,3168
25550,3169
25551,3170
25556,3171
25558,3172
25563,3173
25568,3174
25570,3175
25572,3176
25587,3177
25596,3178
25600,3179
25610,3180
25621,3181
25625,3182
25626,3183
25628,3184
25630,3185
25632,3186
25634,3187
25648,3188
25653,3189
25654,3190
25655,3191
25667,3192
25668,3193
25680,3194
25685,3195
25690,3196
25703,3197
25705,3198
25723,3199
25724,3200
25730,3201
25735,3202
25745,3203
25753,3204
25754,3205
25757,3206
25768,3207
25770,3208
25775,3209
25779,3210
25787,3211
25789,3212
25793,3213
25806,3214
25809,3215
25821,3216
25825,3217
25833,3218
25840,3219
25849,3220
25868,3221
25882,3222
25885,3223
25897,3224
25899,3225
25908,3226
25918,3227
25921,3228
25924,3229
25947,3230
25961,3231
25962,3232
25967,3233
25969,3234
25972,3235
25990,3236
25994,3237
26001,3238
26006,3239
26014,3240
26017,3241
26023,3242
26025,3243
26027,3244
26030,3245
26036,3246
26039,3247
26040,3248
26043,3249
26049,3250
26050,3251
26059,3252
26068,3253
26071,3254
26076,3255
26085,3256
26091,3257
26110,3258
26111,3259
26133,3260
26138,3261
26143,3262
26162,3263
26168,3264
26172,3265
26173,3266
26178,3267
26181,3268
26191,3269
26194,3270
26205,3271
26210,3272
26213,3273
26215,3274
26217,3275
26229,3276
26230,3277
26231,3278
26233,3279
26239,3280
26243,3281
26249,3282
26251,3283
26257,3284
26260,3285
26276,3286
26287,3287
26291,3288
26297,3289
26306,3290
26309,3291
26311,3292
26313,3293
26314,3294
26319,3295
26321,3296
26322,3297
26333,3298
26337,3299
26339,3300
26350,3301
26362,3302
26366,3303
26369,3304
26370,3305
26380,3306
26384,3307
26389,3308
26391,3309
26398,3310
26403,3311
26405,3312
26407,3313
26412,3314
26420,3315
26425,3316
26431,3317
26440,3318
26441,3319
26442,3320
26446,3321
26451,3322
26469,3323
26470,3324
26472,3325
26476,3326
26479,3327
26485,3328
26499,3329
26509,3330
26516,3331
26519,3332
26525,3333
26526,3334
26530,3335
26539,3336
26546,3337
26554,3338
26555,3339
26557,3340
26559,3341
26575,3342
26610,3343
26629,3344
26631,3345
26632,3346
26670,3347
26671,3348
26706,3349
26712,3350
26723,3351
26727,3352
26730,3353
26733,3354
26736,3355
26737,3356
26739,3357
26756,3358
26765,3359
26766,3360
26767,3361
26769,3362
26771,3363
26772,3364
26773,3365
26775,3366
26778,3367
26784,3368
26785,3369
26792,3370
26794,3371
26820,3372
26835,3373
26845,3374
26846,3375
26849,3376
26857,3377
26865,3378
26875,3379
26876,3380
26877,3381
26882,3382
26886,3383
26901,3384
26907,3385
26911,3386
26912,3387
26927,3388
26932,3389
26936,3390
26947,3391
26954,3392
26958,3393
26965,3394
26967,3395
26979,3396
26987,3397
27000,3398
27021,3399
27034,3400
27056,3401
27065,3402
27072,3403
27073,3404
27074,3405
27080,3406
27084,3407
27086,3408
27090,3409
27100,3410
27107,3411
27117,3412
27125,3413
27130,3414
27132,3415
27136,3416
27140,3417
27141,3418
27144,3419
27147,3420
27165,3421
27166,3422
27171,3423
27181,3424
27188,3425
27193,3426
27195,3427
27200,3428
27204,3429
27208,3430
27210,3431
27212,3432
27221,3433
27226,3434
27252,3435
27258,3436
27275,3437
27279,3438
27293,3439
27294,3440
27307,3441
27310,3442
27314,3443
27336,3444
27340,3445
27344,3446
27348,3447
27360,3448
27361,3449
27369,3450
27372,3451
27383,3452
27393,3453
27398,3454
27413,3455
27415,3456
27427,3457
27461,3458
27469,3459
27475,3460
27478,3461
27480,3462
27484,3463
27493,3464
27499,3465
27500,3466
27505,3467
27520,3468
27546,3469
27554,3470
27560,3471
27564,3472
27569,3473
27570,3474
27576,3475
27577,3476
27580,3477
27597,3478
27598,3479
27600,3480
27618,3481
27626,3482
27628,3483
27646,3484
27647,3485
27652,3486
27680,3487
27697,3488
27700,3489
27733,3490
27735,3491
27736,3492
27742,3493
27749,3494
27757,3495
27774,3496
27778,3497
27781,3498
27782,3499
27786,3500
27788,3501
27797,3502
27808,3503
27809,3504
27811,3505
27819,3506
27825,3507
27841,3508
27860,3509
27861,3510
27864,3511
27870,3512
27881,3513
27893,3514
27899,3515
27900,3516
27910,3517
27914,3518
27922,3519
27931,3520
27935,3521
27940,3522
27942,3523
27943,3524
27944,3525
27945,3526
27946,3527
27949,3528
27951,3529
27960,3530
27967,3531
27968,3532
27991,3533
27995,3534
27999,3535
28004,3536
28005,3537
28008,3538
28011,3539
28017,3540
28023,3541
28025,3542
28026,3543
28028,3544
28042,3545
28058,3546
28077,3547
28088,3548
28091,3549
28094,3550
28099,3551
28113,3552
28138,3553
28141,3554
28143,3555
28148,3556
28149,3557
28150,3558
28165,3559
28183,3560
28199,3561
28201,3562
28206,3563
28208,3564
28211,3565
28214,3566
28217,3567
28248,3568
28256,3569
28261,3570
28287,3571
28303,3572
28309,3573
28316,3574
28320,3575
28324,3576
28328,3577
28341,3578
28358,3579
28377,3580
28383,3581
28398,3582
28409,3583
28419,3584
28421,3585
28435,3586
28440,3587
28458,3588
28460,3589
28467,3590
28468,3591
28501,3592
28517,3593
28520,3594
28549,3595
28551,3596
28556,3597
28559,3598
28560,3599
28564,3600
28581,3601
28603,3602
28607,3603
28613,3604
28617,3605
28618,3606
28619,3607
28620,3608
28648,3609
28649,3610
28658,3611
28659,3612
28662,3613
28665,3614
28667,3615
28670,3616
28683,3617
28684,3618
28689,3619
28713,3620
28714,3621
28718,3622
28737,3623
28747,3624
28750,3625
28755,3626
28758,3627
28766,3628
28768,3629
28785,3630
28799,3631
28806,3632
28809,3633
28814,3634
28816,3635
28822,3636
28831,3637
28845,3638
28851,3639
28860,3640
28882,3641
28891,3642
28916,3643
28919,3644
28920,3645
28924,3646
28942,3647
28943,3648
28954,3649
28956,3650
28964,3651
28969,3652
28976,3653
28978,3654
28980,3655
28983,3656
28995,3657
29002,3658
29005,3659
29006,3660
29008,3661
29017,3662
29028,3663
29059,3664
29066,3665
29068,3666
29074,3667
29084,3668
29100,3669
29113,3670
29121,3671
29124,3672
29129,3673
29131,3674
29141,3675
29150,3676
29153,3677
29155,3678
29172,3679
29175,3680
29177,3681
29184,3682
29185,3683
29199,3684
29207,3685
29210,3686
29215,3687
29222,3688
29232,3689
29251,3690
29253,3691
29255,3692
29265,3693
29286,3694
29289,3695
29294,3696
29301,3697
29303,3698
29318,3699
29320,3700
29324,3701
29326,3702
29329,3703
29351,3704
29365,3705
29366,3706
29377,3707
29381,3708
29383,3709
29387,3710
29400,3711
29411,3712
29413,3713
29416,3714
29424,3715
29439,3716
29440,3717
29441,3718
29451,3719
29454,3720
29455,3721
29461,3722
29470,3723
29472,3724
29476,3725
29478,3726
29480,3727
29484,3728
29490,3729
29491,3730
29493,3731
29511,3732
29526,3733
29527,3734
29544,3735
29547,3736
29562,3737
29569,3738
29570,3739
29591,3740
29598,3741
29619,3742
29628,3743
29635,3744
29636,3745
29658,3746
29668,3747
29670,3748
29671,3749
29678,3750
29679,3751
29690,3752
29691,3753
29692,3754
29697,3755
29703,3756
29704,3757
29709,3758
29734,3759
29736,3760
29742,3761
29757,3762
29764,3763
29765,3764
29767,3765
29770,3766
29775,3767
29785,3768
29796,3769
29804,3770
29807,3771
29817,3772
29822,3773
29823,3774
29828,3775
29829,3776
29833,3777
29836,3778
29842,3779
29844,3780
29846,3781
29871,3782
29879,3783
29880,3784
29883,3785
29884,3786
29903,3787
29912,3788
29920,3789
29935,3790
29939,3791
29944,3792
29946,3793
29950,3794
29955,3795
29963,3796
29964,3797
29968,3798
29977,3799
29984,3800
30004,3801
30006,3802
30008,3803
30018,3804
30021,3805
30044,3806
30045,3807
30046,3808
30051,3809
30075,3810
30081,3811
30082,3812
30084,3813
30094,3814
30114,3815
30117,3816
30118,3817
30134,3818
30135,3819
30138,3820
30141,3821
30146,3822
30149,3823
30154,3824
30163,3825
30165,3826
30173,3827
30174,3828
30200,3829
30216,3830
30217,3831
30221,3832
30253,3833
30261,3834
30279,3835
30296,3836
30325,3837
30339,3838
30358,3839
30359,3840
30360,3841
30362,3842
30366,3843
30372,3844
30380,3845
30388,3846
30391,3847
30415,3848
30425,3849
30440,3850
30444,3851
30454,3852
30457,3853
30469,3854
30470,3855
30471,3856
30484,3857
30488,3858
30505,3859
30516,3860
30519,3861
30522,3862
30526,3863
30555,3864
30563,3865
30565,3866
30566,3867
30569,3868
30579,3869
30581,3870
30600,3871
30602,3872
30604,3873
30612,3874
30618,3875
30622,3876
30641,3877
30644,3878
30651,3879
30658,3880
30667,3881
30670,3882
30687,3883
30694,3884
30698,3885
30699,3886
30704,3887
30710,3888
30724,3889
30735,3890
30745,3891
30762,3892
30766,3893
30779,3894
30794,3895
30805,3896
30812,3897
30818,3898
30824,3899
30832,3900
30843,3901
30853,3902
30858,3903
30859,3904
30864,3905
30872,3906
30880,3907
30881,3908
30882,3909
30887,3910
30898,3911
30902,3912
30903,3913
30907,3914
30913,3915
30914,3916
30946,3917
30949,3918
30951,3919
30954,3920
30965,3921
30967,3922
30969,3923
30971,3924
30977,3925
30981,3926
31004,3927
31008,3928
31010,3929
31014,3930
31020,3931
31025,3932
31037,3933
31040,3934
31041,3935
31045,3936
31048,3937
31061,3938
31062,3939
31072,3940
31073,3941
31078,3942
31080,3943
31082,3944
31083,3945
31088,3946
31110,3947
31114,3948
31128,3949
31161,3950
31163,3951
31167,3952
31184,3953
31186,3954
31193,3955
31195,3956
31206,3957
31207,3958
31212,3959
31215,3960
31217,3961
31229,3962
31230,3963
31235,3964
31236,3965
31261,3966
31264,3967
31266,3968
31272,3969
31273,3970
31286,3971
31287,3972
31300,3973
31303,3974
31311,3975
31314,3976
31316,3977
31319,3978
31320,3979
31324,3980
31326,3981
31334,3982
31342,3983
31349,3984
31351,3985
31371,3986
31382,3987
31384,3988
31388,3989
31392,3990
31403,3991
31415,3992
31422,3993
31432,3994
31436,3995
31438,3996
31445,3997
31458,3998
31464,3999
31477,4000
31478,4001
31480,4002
31482,4003
31500,4004
31502,4005
31504,4006
31507,4007
31516,4008
31518,4009
31525,4010
31532,4011
31546,4012
31553,4013
31559,4014
31560,4015
31562,4016
31564,4017
31566,4018
31567,4019
31570,4020
31581,4021
31589,4022
31597,4023
31606,4024
31607,4025
31624,4026
31629,4027
31636,4028
31639,4029
31654,4030
31656,4031
31662,4032
31664,4033
31669,4034
31672,4035
31674,4036
31683,4037
31684,4038
31694,4039
31699,4040
31710,4041
31717,4042
31721,4043
31738,4044
31745,4045
31749,4046
31750,4047
31754,4048
31755,4049
31767,4050
31781,4051
31782,4052
31792,4053
31793,4054
31796,4055
31799,4056
31804,4057
31806,4058
31809,4059
31811,4060
31829,4061
31830,4062
31837,4063
31844,4064
31852,4065
31856,4066
31859,4067
31884,4068
31901,4069
31925,4070
31927,4071
31930,4072
31950,4073
31958,4074
31972,4075
31988,4076
31997,4077
32008,4078
32009,4079
32014,4080
32015,4081
32031,4082
32042,4083
32043,4084
32045,4085
32048,4086
32053,4087
32055,4088
32062,4089
32076,4090
32079,4091
32080,4092
32082,4093
32086,4094
32098,4095
32105,4096
32113,4097
32123,4098
32129,4099
32130,4100
32131,4101
32142,4102
32147,4103
32151,4104
32173,4105
32181,4106
32190,4107
32194,4108
32204,4109
32206,4110
32215,4111
32248,4112
32253,4113
32295,4114
32296,4115
32306,4116
32317,4117
32321,4118
32331,4119
32340,4120
32349,4121
32369,4122
32377,4123
32378,4124
32384,4125
32386,4126
32399,4127
32405,4128
32416,4129
32420,4130
32422,4131
32424,4132
32426,4133
32441,4134
32445,4135
32448,4136
32449,4137
32455,4138
32460,4139
32495,4140
32503,4141
32522,4142
32541,4143
32544,4144
32548,4145
32551,4146
32554,4147
32566,4148
32576,4149
32607,4150
32614,4151
32618,4152
32625,4153
32631,4154
32639,4155
32646,4156
32652,4157
32664,4158
32667,4159
32668,4160
32674,4161
32675,4162
32681,4163
32697,4164
32710,4165
32716,4166
32728,4167
32731,4168
32734,4169
32735,4170
32740,4171
32745,4172
32756,4173
32758,4174
32783,4175
32804,4176
32817,4177
32833,4178
32844,4179
32857,4180
32858,4181
32869,4182
32871,4183
32880,4184
32883,4185
32889,4186
32893,4187
32898,4188
32899,4189
32918,4190
32932,4191
32933,4192
32959,4193
32966,4194
32973,4195
32987,4196
33009,4197
33016,4198
33029,4199
33049,4200
33051,4201
33069,4202
33076,4203
33085,4204
33096,4205
33102,4206
33104,4207
33105,4208
33113,4209
33120,4210
33130,4211
33133,4212
33147,4213
33150,4214
33163,4215
33170,4216
33200,4217
33201,4218
33203,4219
33219,4220
33239,4221
33242,4222
33245,4223
33251,4224
33257,4225
33269,4226
33312,4227
33329,4228
33330,4229
33336,4230
33347,4231
33352,4232
33357,4233
33368,4234
33386,4235
33387,4236
33400,4237
33420,4238
33434,4239
33435,4240
33440,4241
33454,4242
33468,4243
33498,4244
33501,4245
33520,4246
33528,4247
33531,4248
33555,4249
33561,4250
33568,4251
33569,4252
33570,4253
33573,4254
33578,4255
33587,4256
33598,4257
33601,4258
33609,4259
33614,4260
33621,4261
33624,4262
33642,4263
33643,4264
33645,4265
33649,4266
33665,4267
33671,4268
33676,4269
33696,4270
33699,4271
33717,4272
33719,4273
33721,4274
33752,4275
33767,4276
33770,4277
33776,4278
33778,4279
33787,4280
33809,4281
33811,4282
33819,4283
33836,4284
33837,4285
33843,4286
33855,4287
33858,4288
33861,4289
33869,4290
33875,4291
33884,4292
33890,4293
33912,4294
33914,4295
33919,4296
33921,4297
33923,4298
33944,4299
33947,4300
33950,4301
33962,4302
33990,4303
33993,4304
33995,4305
33999,4306
34000,4307
34011,4308
34045,4309
34059,4310
34087,4311
34099,4312
34102,4313
34103,4314
34108,4315
34110,4316
34125,4317
34153,4318
34156,4319
34166,4320
34167,4321
34173,4322
34185,4323
34202,4324
34205,4325
34207,4326
34233,4327
34235,4328
34245,4329
34255,4330
34257,4331
34288,4332
34296,4333
34299,4334
34335,4335
34337,4336
34373,4337
34382,4338
34390,4339
34394,4340
34396,4341
34398,4342
34402,4343
34406,4344
34414,4345
34420,4346
34426,4347
34435,4348
34450,4349
34452,4350
34461,4351
34474,4352
34478,4353
34488,4354
34493,4355
34496,4356
34499,4357
34501,4358
34510,4359
34522,4360
34526,4361
34556,4362
34558,4363
34561,4364
34564,4365
34569,4366
34587,4367
34601,4368
34608,4369
34620,4370
34625,4371
34641,4372
34649,4373
34650,4374
34657,4375
34667,4376
34668,4377
34681,4378
34683,4379
34688,4380
34695,4381
34697,4382
34701,4383
34708,4384
34713,4385
34716,4386
34743,4387
34749,4388
34751,4389
34753,4390
34765,4391
34775,4392
34784,4393
34803,4394
34855,4395
34857,4396
34881,4397
34901,4398
34909,4399
34924,4400
34933,4401
34943,4402
34962,4403
34965,4404
34979,4405
35027,4406
35054,4407
35059,4408
35065,4409
35066,4410
35076,4411
35077,4412
35079,4413
35084,4414
35096,4415
35106,4416
35132,4417
35174,4418
35177,4419
35179,4420
35184,4421
35185,4422
35192,4423
35193,4424
35202,4425
35209,4426
35217,4427
35224,4428
35233,4429
35242,4430
35248,4431
35257,4432
35261,4433
35267,4434
35277,4435
35282,4436
35287,4437
35293,4438
35299,4439
35323,4440
35326,4441
35331,4442
35333,4443
35338,4444
35348,4445
35359,4446
35368,4447
35385,4448
35390,4449
35391,4450
35392,4451
35393,4452
35410,4453
35411,4454
35424,4455
35450,4456
35475,4457
35483,4458
35505,4459
35509,4460
35525,4461
35547,4462
35568,4463
35593,4464
35594,4465
35609,4466
35614,4467
35615,4468
35618,4469
35620,4470
35624,4471
35625,4472
35627,4473
35646,4474
35659,4475
35682,4476
35688,4477
35698,4478
35699,4479
35727,4480
35730,4481
35774,4482
35775,4483
35779,4484
35801,4485
35805,4486
35813,4487
35827,4488
35831,4489
35849,4490
35887,4491
35889,4492
35894,4493
35901,4494
35908,4495
35920,4496
35927,4497
35932,4498
35950,4499
35956,4500
35988,4501
35989,4502
35992,4503
35996,4504
36007,4505
36008,4506
36011,4507
36015,4508
36023,4509
36041,4510
36053,4511
36063,4512
36066,4513
36067,4514
36084,4515
36091,4516
36116,4517
36123,4518
36126,4519
36134,4520
36135,4521
36151,4522
36154,4523
36166,4524
36172,4525
36182,4526
36193,4527
36212,4528
36218,4529
36232,4530
36249,4531
36252,4532
36271,4533
36279,4534
36285,4535
36316,4536
36322,4537
36327,4538
36336,4539
36341,4540
36346,4541
36354,4542
36355,4543
36369,4544
36372,4545
36386,4546
36401,4547
36410,4548
36412,4549
36418,4550
36419,4551
36427,4552
36431,4553
36441,4554
36486,4555
36501,4556
36505,4557
36513,4558
36531,4559
36538,4560
36548,4561
36550,4562
36561,4563
36562,4564
36573,4565
36601,4566
36604,4567
36606,4568
36622,4569
36627,4570
36634,4571
36638,4572
36641,4573
36666,4574
36673,4575
36688,4576
36722,4577
36737,4578
36751,4579
36752,4580
36779,4581
36783,4582
36784,4583
36797,4584
36806,4585
36831,4586
36847,4587
36854,4588
36869,4589
36873,4590
36882,4591
36884,4592
36910,4593
36928,4594
36944,4595
36947,4596
36952,4597
36961,4598
36970,4599
36984,4600
36998,4601
37000,4602
37006,4603
37014,4604
37017,4605
37023,4606
37027,4607
37037,4608
37040,4609
37044,4610
37054,4611
37076,4612
37081,4613
37083,4614
37084,4615
37085,4616
37087,4617
37106,4618
37120,4619
37136,4620
37139,4621
37143,4622
37144,4623
37145,4624
37168,4625
37174,4626
37199,4627
37200,4628
37209,4629
37232,4630
37237,4631
37242,4632
37244,4633
37252,4634
37258,4635
37270,4636
37297,4637
37298,4638
37299,4639
37302,4640
37309,4641
37310,4642
37318,4643
37331,4644
37336,4645
37374,4646
37377,4647
37389,4648
37393,4649
37398,4650
37408,4651
37409,4652
37413,4653
37423,4654
37424,4655
37425,4656
37428,4657
37437,4658
37449,4659
37455,4660
37457,4661
37459,4662
37460,4663
37465,4664
37479,4665
37482,4666
37490,4667
37493,4668
37494,4669
37495,4670
37531,4671
37535,4672
37547,4673
37548,4674
37550,4675
37554,4676
37555,4677
37560,4678
37563,4679
37608,4680
37617,4681
37625,4682
37634,4683
37638,4684
37646,4685
37648,4686
37655,4687
37674,4688
37685,4689
37687,4690
37700,4691
37701,4692
37705,4693
37718,4694
37723,4695
37730,4696
37734,4697
37750,4698
37756,4699
37758,4700
37760,4701
37766,4702
37768,4703
37769,4704
37780,4705
37782,4706
37789,4707
37793,4708
37801,4709
37802,4710
37811,4711
37822,4712
37844,4713
37846,4714
37859,4715
37861,4716
37881,4717
37889,4718
37890,4719
37893,4720
37909,4721
37911,4722
37926,4723
37928,4724
37929,4725
37949,4726
37968,4727
37976,4728
37986,4729
37996,4730
37997,4731
37998,4732
38016,4733
38034,4734
38041,4735
38059,4736
38065,4737
38067,4738
38070,4739
38080,4740
38084,4741
38085,4742
38088,4743
38109,4744
38124,4745
38125,4746
38135,4747
38137,4748
38140,4749
38145,4750
38148,4751
38156,4752
38178,4753
38183,4754
38195,4755
38203,4756
38206,4757
38212,4758
38221,4759
38222,4760
38238,4761
38249,4762
38275,4763
38290,4764
38298,4765
38301,4766
38305,4767
38306,4768
38327,4769
38366,4770
38367,4771
38371,4772
38399,4773
38400,4774
38401,4775
38413,4776
38416,4777
38424,4778
38432,4779
38433,4780
38435,4781
38436,4782
38444,4783
38454,4784
38476,4785
38478,4786
38487,4787
38492,4788
38502,4789
38510,4790
38512,4791
38517,4792
38523,4793
38525,4794
38531,4795
38532,4796
38564,4797
38569,4798
38576,4799
38584,4800
38590,4801
38596,4802
38600,4803
38607,4804
38618,4805
38629,4806
38631,4807
38632,4808
38637,4809
38641,4810
38642,4811
38644,4812
38663,4813
38669,4814
38693,4815
38702,4816
38711,4817
38714,4818
38716,4819
38719,4820
38720,4821
38730,4822
38739,4823
38746,4824
38748,4825
38753,4826
38756,4827
38759,4828
38764,4829
38766,4830
38783,4831
38785,4832
38806,4833
38819,4834
38824,4835
38835,4836
38846,4837
38880,4838
38883,4839
38904,4840
38921,4841
38932,4842
38947,4843
38952,4844
38953,4845
38966,4846
38971,4847
39013,4848
39014,4849
39017,4850
39023,4851
39027,4852
39030,4853
39044,4854
39048,4855
39064,4856
39087,4857
39097,4858
39107,4859
39112,4860
39145,4861
39149,4862
39165,4863
39179,4864
39180,4865
39198,4866
39208,4867
39214,4868
39222,4869
39242,4870
39269,4871
39279,4872
39280,4873
39291,4874
39308,4875
39316,4876
39318,4877
39331,4878
39335,4879
39337,4880
39345,4881
39362,4882
39363,4883
39368,4884
39369,4885
39371,4886
39383,4887
39387,4888
39393,4889
39394,4890
39401,4891
39404,4892
39405,4893
39410,4894
39429,4895
39439,4896
39442,4897
39444,4898
39446,4899
39466,4900
39478,4901
39488,4902
39505,4903
39522,4904
39526,4905
39554,4906
39560,4907
39562,4908
39563,4909
39572,4910
39586,4911
39587,4912
39609,4913
39612,4914
39618,4915
39622,4916
39629,4917
39630,4918
39632,4919
39652,4920
39653,4921
39659,4922
39677,4923
39681,4924
39695,4925
39705,4926
39715,4927
39716,4928
39720,4929
39721,4930
39749,4931
39762,4932
39785,4933
39786,4934
39788,4935
39796,4936
39798,4937
39808,4938
39826,4939
39840,4940
39852,4941
39864,4942
39870,4943
39880,4944
39881,4945
39892,4946
39897,4947
39900,4948
39902,4949
39903,4950
39911,4951
39917,4952
39930,4953
39942,4954
39945,4955
39955,4956
39981,4957
39993,4958
39997,4959
40004,4960
40009,4961
40015,4962
40016,4963
40022,4964
40029,4965
40055,4966
40061,4967
40066,4968
40074,4969
40076,4970
40091,4971
40104,4972
40106,4973
40107,4974
40112,4975
40118,4976
40173,4977
40183,4978
40208,4979
40235,4980
40237,4981
40243,4982
40250,4983
40272,4984
40278,4985
40290,4986
40294,4987
40339,4988
40340,4989
40343,4990
40362,4991
40365,4992
40383,4993
40391,4994
40395,4995
40400,4996
40411,4997
40416,4998
40418,4999
40438,5000
40442,5001
40452,5002
40458,5003
40463,5004
40467,5005
40470,5006
40497,5007
40506,5008
40516,5009
40523,5010
40553,5011
40557,5012
40560,5013
40571,5014
40572,5015
40579,5016
40597,5017
40617,5018
40621,5019
40633,5020
40647,5021
40654,5022
40664,5023
40673,5024
40682,5025
40694,5026
40697,5027
40713,5028
40733,5029
40752,5030
40772,5031
40801,5032
40820,5033
40821,5034
40823,5035
40825,5036
40830,5037
40832,5038
40837,5039
40857,5040
40879,5041
40882,5042
40982,5043
40983,5044
40990,5045
41009,5046
41020,5047
41035,5048
41039,5049
41042,5050
41051,5051
41087,5052
41142,5053
41156,5054
41167,5055
41168,5056
41169,5057
41170,5058
41171,5059
41193,5060
41218,5061
41228,5062
41246,5063
41253,5064
41260,5065
41263,5066
41270,5067
41272,5068
41283,5069
41286,5070
41291,5071
41292,5072
41298,5073
41323,5074
41330,5075
41337,5076
41374,5077
41381,5078
41384,5079
41405,5080
41407,5081
41409,5082
41413,5083
41419,5084
41426,5085
41454,5086
41463,5087
41486,5088
41489,5089
41492,5090
41503,5091
41520,5092
41541,5093
41567,5094
41568,5095
41570,5096
41575,5097
41577,5098
41579,5099
41596,5100
41599,5101
41602,5102
41604,5103
41609,5104
41611,5105
41617,5106
41638,5107
41657,5108
41658,5109
41660,5110
41670,5111
41671,5112
41672,5113
41681,5114
41685,5115
41701,5116
41702,5117
41705,5118
41707,5119
41721,5120
41725,5121
41728,5122
41733,5123
41734,5124
41739,5125
41754,5126
41755,5127
41762,5128
41764,5129
41765,5130
41779,5131
41781,5132
41782,5133
41788,5134
41797,5135
41798,5136
41800,5137
41808,5138
41811,5139
41824,5140
41829,5141
41848,5142
41871,5143
41874,5144
41882,5145
41893,5146
41897,5147
41934,5148
41939,5149
41950,5150
41961,5151
41977,5152
41992,5153
42007,5154
42038,5155
42041,5156
42064,5157
42069,5158
42071,5159
42075,5160
42094,5161
42105,5162
42126,5163
42133,5164
42138,5165
42151,5166
42152,5167
42154,5168
42160,5169
42164,5170
42169,5171
42174,5172
42176,5173
42185,5174
42189,5175
42200,5176
42203,5177
42222,5178
42245,5179
42247,5180
42256,5181
42257,5182
42260,5183
42272,5184
42280,5185
42281,5186
42282,5187
42292,5188
42315,5189
42316,5190
42321,5191
42322,5192
42328,5193
42333,5194
42355,5195
42367,5196
42369,5197
42382,5198
42388,5199
42395,5200
42401,5201
42402,5202
42416,5203
42431,5204
42448,5205
42456,5206
42457,5207
42476,5208
42506,5209
42532,5210
42543,5211
42547,5212
42556,5213
42564,5214
42603,5215
42609,5216
42612,5217
42620,5218
42624,5219
42635,5220
42638,5221
42645,5222
42673,5223
42675,5224
42680,5225
42686,5226
42697,5227
42698,5228
42708,5229
42710,5230
42719,5231
42722,5232
42725,5233
42730,5234
42759,5235
42768,5236
42771,5237
42780,5238
42783,5239
42787,5240
42802,5241
42818,5242
42822,5243
42827,5244
42834,5245
42846,5246
42861,5247
42870,5248
42875,5249
42877,5250
42882,5251
42886,5252
42899,5253
42905,5254
42914,5255
42918,5256
42939,5257
42947,5258
42972,5259
42976,5260
42978,5261
42982,5262
42991,5263
43013,5264
43021,5265
43023,5266
43026,5267
43027,5268
43037,5269
43045,5270
43057,5271
43061,5272
43065,5273
43068,5274
43072,5275
43095,5276
43098,5277
43100,5278
43101,5279
43104,5280
43105,5281
43115,5282
43124,5283
43143,5284
43147,5285
43149,5286
43152,5287
43162,5288
43165,5289
43174,5290
43183,5291
43185,5292
43186,5293
43190,5294
43203,5295
43222,5296
43236,5297
43265,5298
43267,5299
43269,5300
43285,5301
43290,5302
43292,5303
43331,5304
43332,5305
43350,5306
43363,5307
43364,5308
43390,5309
43394,5310
43396,5311
43397,5312
43400,5313
43404,5314
43408,5315
43411,5316
43423,5317
43427,5318
43451,5319
43454,5320
43462,5321
43463,5322
43469,5323
43471,5324
43473,5325
43475,5326
43502,5327
43508,5328
43509,5329
43516,5330
43522,5331
43537,5332
43543,5333
43549,5334
43552,5335
43559,5336
43560,5337
43574,5338
43585,5339
43586,5340
43588,5341
43592,5342
43603,5343
43635,5344
43656,5345
43676,5346
43678,5347
43684,5348
43687,5349
43703,5350
43728,5351
43737,5352
43740,5353
43743,5354
43759,5355
43768,5356
43779,5357
43783,5358
43794,5359
43806,5360
43812,5361
43813,5362
43814,5363
43817,5364
43819,5365
43824,5366
43826,5367
43827,5368
43842,5369
43850,5370
43881,5371
43888,5372
43889,5373
43891,5374
43901,5375
43904,5376
43908,5377
43914,5378
43918,5379
43934,5380
43936,5381
43941,5382
43957,5383
43986,5384
43990,5385
43998,5386
44007,5387
44013,5388
44023,5389
44030,5390
44040,5391
44048,5392
44051,5393
44058,5394
44076,5395
44102,5396
44115,5397
44124,5398
44126,5399
44133,5400
44163,5401
44168,5402
44177,5403
44192,5404
44201,5405
44220,5406
44227,5407
44232,5408
44240,5409
44263,5410
44268,5411
44271,5412
44273,5413
44278,5414
44289,5415
44294,5416
44299,5417
44300,5418
44313,5419
44321,5420
44351,5421
44403,5422
44405,5423
44410,5424
44418,5425
44422,5426
44429,5427
44487,5428
44497,5429
44529,5430
44538,5431
44568,5432
44569,5433
44572,5434
44587,5435
44643,5436
44644,5437
44656,5438
44666,5439
44671,5440
44692,5441
44729,5442
44746,5443
44750,5444
44809,5445
44819,5446
44833,5447
44841,5448
44850,5449
44853,5450
44858,5451
44860,5452
44888,5453
44889,5454
44891,5455
44895,5456
44901,5457
44906,5458
44908,5459
44919,5460
44925,5461
44932,5462
44938,5463
44954,5464
44966,5465
44990,5466
44995,5467
45000,5468
45005,5469
45006,5470
45008,5471
45029,5472
45033,5473
45034,5474
45055,5475
45069,5476
45070,5477
45088,5478
45104,5479
45107,5480
45108,5481
45115,5482
45177,5483
45181,5484
45182,5485
45207,5486
45214,5487
45246,5488
45268,5489
45270,5490
45298,5491
45308,5492
45317,5493
45329,5494
45330,5495
45335,5496
45348,5497
45354,5498
45368,5499
45383,5500
45388,5501
45392,5502
45394,5503
45412,5504
45429,5505
45437,5506
45441,5507
45452,5508
45456,5509
45471,5510
45475,5511
45527,5512
45529,5513
45539,5514
45549,5515
45553,5516
45556,5517
45557,5518
45559,5519
45562,5520
45566,5521
45567,5522
45571,5523
45589,5524
45598,5525
45609,5526
45619,5527
45620,5528
45637,5529
45661,5530
45668,5531
45672,5532
45678,5533
45691,5534
45711,5535
45713,5536
45753,5537
45798,5538
45809,5539
45843,5540
45851,5541
45889,5542
45896,5543
45935,5544
45940,5545
45975,5546
45982,5547
45990,5548
45991,5549
46003,5550
46012,5551
46046,5552
46059,5553
46072,5554
46074,5555
46078,5556
46110,5557
46112,5558
46133,5559
46193,5560
46221,5561
46233,5562
46241,5563
46262,5564
46267,5565
46286,5566
46292,5567
46294,5568
46332,5569
46351,5570
46353,5571
46365,5572
46369,5573
46374,5574
46378,5575
46403,5576
46410,5577
46427,5578
46461,5579
46463,5580
46464,5581
46470,5582
46476,5583
46479,5584
46486,5585
46501,5586
46507,5587
46509,5588
46531,5589
46543,5590
46544,5591
46560,5592
46588,5593
46595,5594
46596,5595
46597,5596
46611,5597
46645,5598
46649,5599
46656,5600
46665,5601
46687,5602
46689,5603
46690,5604
46692,5605
46695,5606
46700,5607
46726,5608
46736,5609
46737,5610
46743,5611
46747,5612
46771,5613
46773,5614
46775,5615
46776,5616
46797,5617
46798,5618
46804,5619
46806,5620
46832,5621
46838,5622
46868,5623
46876,5624
46877,5625
46879,5626
46886,5627
46902,5628
46906,5629
46907,5630
46922,5631
46925,5632
46939,5633
46949,5634
46958,5635
46959,5636
46967,5637
46970,5638
46975,5639
46982,5640
46986,5641
46990,5642
47021,5643
47026,5644
47054,5645
47071,5646
47077,5647
47087,5648
47089,5649
47090,5650
47099,5651
47102,5652
47106,5653
47107,5654
47111,5655
47119,5656
47120,5657
47121,5658
47123,5659
47156,5660
47187,5661
47188,5662
47191,5663
47193,5664
47195,5665
47196,5666
47210,5667
47241,5668
47247,5669
47249,5670
47260,5671
47261,5672
47315,5673
47319,5674
47325,5675
47326,5676
47335,5677
47343,5678
47354,5679
47372,5680
47376,5681
47391,5682
47413,5683
47419,5684
47422,5685
47429,5686
47432,5687
47434,5688
47438,5689
47444,5690
47453,5691
47464,5692
47474,5693
47475,5694
47488,5695
47491,5696
47504,5697
47515,5698
47516,5699
47521,5700
47532,5701
47538,5702
47542,5703
47554,5704
47574,5705
47590,5706
47592,5707
47594,5708
47600,5709
47601,5710
47605,5711
47606,5712
47610,5713
47616,5714
47627,5715
47637,5716
47640,5717
47641,5718
47644,5719
47651,5720
47656,5721
47661,5722
47663,5723
47666,5724
47669,5725
47670,5726
47674,5727
47692,5728
47696,5729
47729,5730
47749,5731
47758,5732
47769,5733
47780,5734
47788,5735
47797,5736
47817,5737
47819,5738
47828,5739
47844,5740
47850,5741
47851,5742
47911,5743
47913,5744
47921,5745
47924,5746
47928,5747
47935,5748
47936,5749
47943,5750
47953,5751
47957,5752
47961,5753
47977,5754
47983,5755
48000,5756
48012,5757
48013,5758
48014,5759
48026,5760
48029,5761
48037,5762
48052,5763
48056,5764
48063,5765
48067,5766
48090,5767
48115,5768
48140,5769
48153,5770
48158,5771
48162,5772
48165,5773
48167,5774
48169,5775
48172,5776
48178,5777
48195,5778
48201,5779
48206,5780
48207,5781
48217,5782
48219,5783
48240,5784
48241,5785
48303,5786
48312,5787
48331,5788
48343,5789
48346,5790
48356,5791
48359,5792
48365,5793
48373,5794
48383,5795
48385,5796
48397,5797
48398,5798
48401,5799
48403,5800
48426,5801
48431,5802
48438,5803
48462,5804
48463,5805
48466,5806
48475,5807
48490,5808
48494,5809
48498,5810
48529,5811
48532,5812
48540,5813
48561,5814
48578,5815
48581,5816
48582,5817
48587,5818
48588,5819
48600,5820
48603,5821
48606,5822
48611,5823
48627,5824
48635,5825
48641,5826
48647,5827
48650,5828
48651,5829
48653,5830
48663,5831
48667,5832
48671,5833
48691,5834
48697,5835
48720,5836
48732,5837
48739,5838
48743,5839
48755,5840
48760,5841
48769,5842
48771,5843
48773,5844
48799,5845
48822,5846
48824,5847
48829,5848
48852,5849
48860,5850
48874,5851
48878,5852
48880,5853
48884,5854
48892,5855
48907,5856
48913,5857
48914,5858
48922,5859
48943,5860
48946,5861
48957,5862
48963,5863
48974,5864
48975,5865
48976,5866
49047,5867
49050,5868
49051,5869
49060,5870
49063,5871
49064,5872
49068,5873
49081,5874
49083,5875
49088,5876
49091,5877
49106,5878
49110,5879
49113,5880
49123,5881
49125,5882
49136,5883
49172,5884
49181,5885
49184,5886
49189,5887
49191,5888
49193,5889
49198,5890
49200,5891
49230,5892
49232,5893
49244,5894
49252,5895
49261,5896
49287,5897
49335,5898
49337,5899
49340,5900
49353,5901
49380,5902
49387,5903
49392,5904
49394,5905
49400,5906
49401,5907
49414,5908
49417,5909
49424,5910
49445,5911
49446,5912
49452,5913
49455,5914
49461,5915
49465,5916
49466,5917
49480,5918
49490,5919
49496,5920
49506,5921
49510,5922
49521,5923
49525,5924
49534,5925
49542,5926
49543,5927
49547,5928
49551,5929
49552,5930
49554,5931
49579,5932
49583,5933
49591,5934
49595,5935
49596,5936
49597,5937
49609,5938
49613,5939
49644,5940
49658,5941
49721,5942
49737,5943
49756,5944
49762,5945
49765,5946
49786,5947
49802,5948
49813,5949
49815,5950
49871,5951
49890,5952
49896,5953
49901,5954
49902,5955
49909,5956
49920,5957
49924,5958
49929,5959
49932,5960
49937,5961
49942,5962
49957,5963
49960,5964
49964,5965
49981,5966
50004,5967
50012,5968
50022,5969
50026,5970
50042,5971
50064,5972
50069,5973
50089,5974
50094,5975
50101,5976
50122,5977
50124,5978
50126,5979
50140,5980
50144,5981
50150,5982
50159,5983
50182,5984
50245,5985
50254,5986
50265,5987
50284,5988
50315,5989
50331,5990
50334,5991
50338,5992
50342,5993
50349,5994
50352,5995
50353,5996
50367,5997
50371,5998
50379,5999
50385,6000
50386,6001
50393,6002
50395,6003
50412,6004
50419,6005
50421,6006
50428,6007
50432,6008
50449,6009
50453,6010
50467,6011
50484,6012
50495,6013
50498,6014
50500,6015
50530,6016
50535,6017
50539,6018
50564,6019
50574,6020
50575,6021
50585,6022
50587,6023
50588,6024
50589,6025
50590,6026
50592,6027
50600,6028
50604,6029
50610,6030
50627,6031
50639,6032
50657,6033
50659,6034
50669,6035
50672,6036
50684,6037
50692,6038
50704,6039
50719,6040
50722,6041
50726,6042
50728,6043
50732,6044
50737,6045
50750,6046
50765,6047
50767,6048
50772,6049
50774,6050
50778,6051
50794,6052
50813,6053
50816,6054
50820,6055
50824,6056
50825,6057
50830,6058
50844,6059
50847,6060
50849,6061
50875,6062
50876,6063
50878,6064
50879,6065
50896,6066
50901,6067
50949,6068
50951,6069
50956,6070
50958,6071
50964,6072
50973,6073
50979,6074
51000,6075
51003,6076
51018,6077
51019,6078
51038,6079
51039,6080
51058,6081
51067,6082
51072,6083
51081,6084
51088,6085
51104,6086
51116,6087
51119,6088
51138,6089
51140,6090
51143,6091
51144,6092
51150,6093
51152,6094
51155,6095
51166,6096
51171,6097
51183,6098
51193,6099
51199,6100
51209,6101
51213,6102
51221,6103
51229,6104
51230,6105
51235,6106
51241,6107
51251,6108
51257,6109
51306,6110
51329,6111
51349,6112
51351,6113
51352,6114
51354,6115
51405,6116
51406,6117
51408,6118
51437,6119
51459,6120
51493,6121
51495,6122
51501,6123
51504,6124
51516,6125
51517,6126
51521,6127
51524,6128
51532,6129
51535,6130
51537,6131
51538,6132
51546,6133
51550,6134
51557,6135
51558,6136
51574,6137
51595,6138
51597,6139
51620,6140
51630,6141
51631,6142
51639,6143
51650,6144
51655,6145
51663,6146
51670,6147
51681,6148
51692,6149
51699,6150
51707,6151
51715,6152
51721,6153
51730,6154
51734,6155
51736,6156
51738,6157
51747,6158
51757,6159
51780,6160
51782,6161
51795,6162
51796,6163
51803,6164
51813,6165
51827,6166
51830,6167
51853,6168
51861,6169
51872,6170
51883,6171
51884,6172
51885,6173
51886,6174
51888,6175
51890,6176
51891,6177
51902,6178
51912,6179
51919,6180
51935,6181
51936,6182
51944,6183
51946,6184
51948,6185
51968,6186
51983,6187
51997,6188
52004,6189
52008,6190
52025,6191
52035,6192
52039,6193
52041,6194
52045,6195
52058,6196
52087,6197
52089,6198
52095,6199
52104,6200
52107,6201
52108,6202
52111,6203
52151,6204
52154,6205
52168,6206
52172,6207
52177,6208
52188,6209
52190,6210
52192,6211
52206,6212
52207,6213
52212,6214
52213,6215
52214,6216
52230,6217
52251,6218
52253,6219
52258,6220
52267,6221
52272,6222
52282,6223
52283,6224
52284,6225
52285,6226
52286,6227
52289,6228
52298,6229
52300,6230
52313,6231
52348,6232
52349,6233
52356,6234
52358,6235
52366,6236
52376,6237
52377,6238
52381,6239
52392,6240
52393,6241
52417,6242
52420,6243
52464,6244
52469,6245
52478,6246
52488,6247
52491,6248
52494,6249
52497,6250
52500,6251
52515,6252
52524,6253
52528,6254
52545,6255
52553,6256
52556,6257
52558,6258
52569,6259
52610,6260
52611,6261
52612,6262
52620,6263
52623,6264
52624,6265
52625,6266
52630,6267
52656,6268
52670,6269
52680,6270
52688,6271
52689,6272
52692,6273
52701,6274
52711,6275
52727,6276
52728,6277
52752,6278
52757,6279
52762,6280
52779,6281
52793,6282
52799,6283
52809,6284
52815,6285
52840,6286
52892,6287
52937,6288
52982,6289
52999,6290
53004,6291
53009,6292
53010,6293
53018,6294
53024,6295
53026,6296
53031,6297
53034,6298
53039,6299
53041,6300
53047,6301
53056,6302
53072,6303
53079,6304
53081,6305
53086,6306
53104,6307
53133,6308
53159,6309
53164,6310
53179,6311
53182,6312
53192,6313
53194,6314
53198,6315
53220,6316
53301,6317
53304,6318
53325,6319
53326,6320
53336,6321
53340,6322
53345,6323
53382,6324
53405,6325
53406,6326
53417,6327
53431,6328
53450,6329
53473,6330
53481,6331
53484,6332
53486,6333
53495,6334
53496,6335
53499,6336
53501,6337
53503,6338
53505,6339
53508,6340
53516,6341
53520,6342
53524,6343
53526,6344
53538,6345
53546,6346
53558,6347
53561,6348
53594,6349
53605,6350
53614,6351
53634,6352
53664,6353
53678,6354
53682,6355
53685,6356
53688,6357
53690,6358
53692,6359
53703,6360
53708,6361
53730,6362
53738,6363
53746,6364
53751,6365
53758,6366
53762,6367
53763,6368
53767,6369
53771,6370
53809,6371
53831,6372
53832,6373
53834,6374
53840,6375
53842,6376
53845,6377
53853,6378
53874,6379
53878,6380
53879,6381
53892,6382
53894,6383
53895,6384
53904,6385
53907,6386
53908,6387
53909,6388
53914,6389
53934,6390
53939,6391
53941,6392
53949,6393
53950,6394
53974,6395
53996,6396
54002,6397
54017,6398
54025,6399
54026,6400
54047,6401
54084,6402
54086,6403
54093,6404
54099,6405
54100,6406
54107,6407
54112,6408
54114,6409
54120,6410
54128,6411
54134,6412
54136,6413
54145,6414
54184,6415
54202,6416
54219,6417
54225,6418
54230,6419
54240,6420
54252,6421
54257,6422
54259,6423
54265,6424
54266,6425
54269,6426
54279,6427
54284,6428
54297,6429
54305,6430
54311,6431
54322,6432
54324,6433
54328,6434
54339,6435
54346,6436
54348,6437
54351,6438
54357,6439
54367,6440
54379,6441
54389,6442
54393,6443
54398,6444
54407,6445
54409,6446
54417,6447
54426,6448
54448,6449
54466,6450
54482,6451
54504,6452
54515,6453
54517,6454
54529,6455
54542,6456
54550,6457
54557,6458
54559,6459
54602,6460
54607,6461
54611,6462
54630,6463
54677,6464
54681,6465
54691,6466
54699,6467
54711,6468
54715,6469
54720,6470
54722,6471
54726,6472
54740,6473
54752,6474
54787,6475
54820,6476
54823,6477
54833,6478
54845,6479
54850,6480
54858,6481
54866,6482
54872,6483
54909,6484
54915,6485
54916,6486
54919,6487
54924,6488
54966,6489
54974,6490
54988,6491
55021,6492
55028,6493
55030,6494
55045,6495
55051,6496
55077,6497
55086,6498
55102,6499
55110,6500
55111,6501
55135,6502
55139,6503
55146,6504
55170,6505
55172,6506
55173,6507
55194,6508
55198,6509
55230,6510
55241,6511
55242,6512
55243,6513
55244,6514
55255,6515
55262,6516
55265,6517
55267,6518
55282,6519
55286,6520
55309,6521
55317,6522
55325,6523
55326,6524
55351,6525
55355,6526
55359,6527
55360,6528
55362,6529
55389,6530
55394,6531
55401,6532
55404,6533
55407,6534
55438,6535
55454,6536
55506,6537
55514,6538
55517,6539
55530,6540
55531,6541
55555,6542
55556,6543
55564,6544
55575,6545
55582,6546
55585,6547
55600,6548
55604,6549
55609,6550
55617,6551
55634,6552
55659,6553
55661,6554
55665,6555
55672,6556
55673,6557
55678,6558
55680,6559
55694,6560
55710,6561
55711,6562
55754,6563
55755,6564
55762,6565
55768,6566
55777,6567
55779,6568
55786,6569
55792,6570
55796,6571
55799,6572
55801,6573
55802,6574
55807,6575
55830,6576
55836,6577
55840,6578
55855,6579
55859,6580
55885,6581
55886,6582
55919,6583
55920,6584
55923,6585
55936,6586
55943,6587
55965,6588
55968,6589
55971,6590
55977,6591
55980,6592
55989,6593
56001,6594
56007,6595
56103,6596
56108,6597
56112,6598
56116,6599
56117,6600
56118,6601
56148,6602
56153,6603
56154,6604
56179,6605
56183,6606
56191,6607
56201,6608
56231,6609
56241,6610
56242,6611
56245,6612
56247,6613
56251,6614
56260,6615
56268,6616
56270,6617
56276,6618
56282,6619
56297,6620
56305,6621
56317,6622
56322,6623
56351,6624
56366,6625
56369,6626
56374,6627
56398,6628
56407,6629
56413,6630
56414,6631
56419,6632
56444,6633
56451,6634
56452,6635
56453,6636
56460,6637
56467,6638
56471,6639
56480,6640
56515,6641
56518,6642
56523,6643
56546,6644
56558,6645
56565,6646
56610,6647
56625,6648
56643,6649
56645,6650
56651,6651
56652,6652
56663,6653
56694,6654
56703,6655
56704,6656
56706,6657
56708,6658
56721,6659
56744,6660
56746,6661
56748,6662
56762,6663
56768,6664
56776,6665
56784,6666
56797,6667
56804,6668
56807,6669
56818,6670
56819,6671
56835,6672
56836,6673
56840,6674
56845,6675
56846,6676
56856,6677
56864,6678
56899,6679
56903,6680
56906,6681
56915,6682
56939,6683
56958,6684
56965,6685
56969,6686
56977,6687
56978,6688
56979,6689
56999,6690
57006,6691
57007,6692
57009,6693
57011,6694
57024,6695
57025,6696
57027,6697
57033,6698
57042,6699
57043,6700
57059,6701
57062,6702
57064,6703
57065,6704
57071,6705
57075,6706
57082,6707
57092,6708
57113,6709
57123,6710
57129,6711
57130,6712
57131,6713
57153,6714
57170,6715
57173,6716
57176,6717
57177,6718
57180,6719
57185,6720
57203,6721
57213,6722
57225,6723
57228,6724
57234,6725
57247,6726
57250,6727
57258,6728
57275,6729
57287,6730
57294,6731
57297,6732
57299,6733
57311,6734
57333,6735
57335,6736
57336,6737
57339,6738
57340,6739
57349,6740
57387,6741
57388,6742
57413,6743
57416,6744
57417,6745
57424,6746
57444,6747
57466,6748
57474,6749
57489,6750
57505,6751
57512,6752
57515,6753
57533,6754
57535,6755
57542,6756
57549,6757
57569,6758
57589,6759
57591,6760
57602,6761
57603,6762
57609,6763
57618,6764
57626,6765
57629,6766
57635,6767
57642,6768
57659,6769
57663,6770
57664,6771
57666,6772
57673,6773
57679,6774
57683,6775
57685,6776
57687,6777
57691,6778
57703,6779
57716,6780
57739,6781
57747,6782
57748,6783
57761,6784
57763,6785
57765,6786
57770,6787
57771,6788
57772,6789
57774,6790
57790,6791
57797,6792
57811,6793
57816,6794
57827,6795
57830,6796
57836,6797
57856,6798
57872,6799
57876,6800
57882,6801
57889,6802
57906,6803
57908,6804
57919,6805
57947,6806
57948,6807
57953,6808
57957,6809
57967,6810
57972,6811
57985,6812
58047,6813
58065,6814
58072,6815
58086,6816
58121,6817
58122,6818
58125,6819
58126,6820
58145,6821
58158,6822
58189,6823
58204,6824
58210,6825
58213,6826
58220,6827
58224,6828
58242,6829
58246,6830
58247,6831
58256,6832
58262,6833
58263,6834
58267,6835
58275,6836
58283,6837
58309,6838
58315,6839
58327,6840
58335,6841
58347,6842
58383,6843
58390,6844
58403,6845
58408,6846
58422,6847
58426,6848
58428,6849
58430,6850
58434,6851
58447,6852
58473,6853
58480,6854
58487,6855
58490,6856
58497,6857
58516,6858
58523,6859
58542,6860
58562,6861
58573,6862
58584,6863
58598,6864
58601,6865
58603,6866
58635,6867
58660,6868
58666,6869
58687,6870
58691,6871
58760,6872
58801,6873
58802,6874
58823,6875
58828,6876
58836,6877
58843,6878
58853,6879
58879,6880
58896,6881
58901,6882
58917,6883
58919,6884
58925,6885
58927,6886
58942,6887
58952,6888
58961,6889
58978,6890
59000,6891
59023,6892
59026,6893
59029,6894
59043,6895
59048,6896
59056,6897
59070,6898
59083,6899
59120,6900
59130,6901
59148,6902
59155,6903
59156,6904
59172,6905
59179,6906
59183,6907
59186,6908
59197,6909
59223,6910
59224,6911
59227,6912
59242,6913
59243,6914
59250,6915
59255,6916
59271,6917
59273,6918
59278,6919
59280,6920
59289,6921
59311,6922
59319,6923
59326,6924
59336,6925
59337,6926
59346,6927
59353,6928
59356,6929
59359,6930
59363,6931
59367,6932
59383,6933
59391,6934
59442,6935
59458,6936
59462,6937
59469,6938
59508,6939
59510,6940
59514,6941
59529,6942
59530,6943
59553,6944
59559,6945
59564,6946
59573,6947
59580,6948
59633,6949
59635,6950
59636,6951
59661,6952
59668,6953
59672,6954
59674,6955
59680,6956
59717,6957
59729,6958
59733,6959
59772,6960
59773,6961
59774,6962
59776,6963
59777,6964
59780,6965
59791,6966
59792,6967
59796,6968
59805,6969
59812,6970
59824,6971
59829,6972
59846,6973
59853,6974
59863,6975
59867,6976
59868,6977
59885,6978
59888,6979
59894,6980
59895,6981
59898,6982
59900,6983
59902,6984
59905,6985
59907,6986
59910,6987
59914,6988
59916,6989
59917,6990
59940,6991
59965,6992
59987,6993
60018,6994
60023,6995
60036,6996
60041,6997
60052,6998
60056,6999
60058,7000
60062,7001
60065,7002
60072,7003
60078,7004
60085,7005
60092,7006
60105,7007
60119,7008
60126,7009
60136,7010
60141,7011
60143,7012
60160,7013
60200,7014
60201,7015
60224,7016
60228,7017
60235,7018
60238,7019
60239,7020
60254,7021
60278,7022
60316,7023
60317,7024
60323,7025
60325,7026
60330,7027
60336,7028
60339,7029
60350,7030
60368,7031
60378,7032
60382,7033
60390,7034
60399,7035
60402,7036
60404,7037
60415,7038
60448,7039
60449,7040
60454,7041
60479,7042
60501,7043
60506,7044
60542,7045
60548,7046
60557,7047
60559,7048
60560,7049
60581,7050
60594,7051
60598,7052
60637,7053
60652,7054
60698,7055
60703,7056
60714,7057
60720,7058
60764,7059
60778,7060
60781,7061
60790,7062
60795,7063
60799,7064
60811,7065
60816,7066
60820,7067
60824,7068
60826,7069
60844,7070
60852,7071
60891,7072
60897,7073
60904,7074
60905,7075
60909,7076
60930,7077
60935,7078
60942,7079
60943,7080
60950,7081
60956,7082
60977,7083
60981,7084
60992,7085
60997,7086
61000,7087
61004,7088
61040,7089
61048,7090
61059,7091
61069,7092
61070,7093
61076,7094
61081,7095
61083,7096
61094,7097
61108,7098
61131,7099
61154,7100
61159,7101
61171,7102
61180,7103
61187,7104
61192,7105
61195,7106
61210,7107
61229,7108
61278,7109
61279,7110
61333,7111
61358,7112
61359,7113
61366,7114
61380,7115
61382,7116
61383,7117
61389,7118
61402,7119
61414,7120
61437,7121
61439,7122
61492,7123
61493,7124
61495,7125
61506,7126
61514,7127
61523,7128
61530,7129
61538,7130
61562,7131
61563,7132
61579,7133
61591,7134
61606,7135
61610,7136
61614,7137
61616,7138
61618,7139
61621,7140
61627,7141
61632,7142
61645,7143
61659,7144
61690,7145
61704,7146
61712,7147
61714,7148
61718,7149
61723,7150
61725,7151
61726,7152
61736,7153
61747,7154
61755,7155
61772,7156
61791,7157
61794,7158
61799,7159
61800,7160
61807,7161
61816,7162
61826,7163
61828,7164
61830,7165
61838,7166
61849,7167
61850,7168
61851,7169
61856,7170
61868,7171
61889,7172
61890,7173
61895,7174
61900,7175
61906,7176
61911,7177
61917,7178
61932,7179
61940,7180
61946,7181
61948,7182
61962,7183
61982,7184
61996,7185
62001,7186
62012,7187
62029,7188
62053,7189
62055,7190
62057,7191
62058,7192
62092,7193
62093,7194
62102,7195
62130,7196
62136,7197
62143,7198
62149,7199
62156,7200
62168,7201
62170,7202
62177,7203
62180,7204
62181,7205
62182,7206
62183,7207
62221,7208
62222,7209
62233,7210
62236,7211
62237,7212
62254,7213
62259,7214
62272,7215
62275,7216
62278,7217
62286,7218
62312,7219
62315,7220
62317,7221
62318,7222
62334,7223
62340,7224
62343,7225
62345,7226
62355,7227
62363,7228
62368,7229
62371,7230
62384,7231
62430,7232
62459,7233
62467,7234
62480,7235
62507,7236
62513,7237
62515,7238
62533,7239
62537,7240
62542,7241
62554,7242
62559,7243
62567,7244
62569,7245
62571,7246
62581,7247
62605,7248
62623,7249
62628,7250
62650,7251
62661,7252
62670,7253
62692,7254
62698,7255
62702,7256
62708,7257
62709,7258
62737,7259
62747,7260
62751,7261
62754,7262
62761,7263
62769,7264
62774,7265
62775,7266
62778,7267
62789,7268
62803,7269
62855,7270
62860,7271
62874,7272
62882,7273
62907,7274
62910,7275
62927,7276
62972,7277
62979,7278
62980,7279
62994,7280
62995,7281
63017,7282
63045,7283
63068,7284
63070,7285
63071,7286
63073,7287
63075,7288
63077,7289
63080,7290
63100,7291
63102,7292
63127,7293
63131,7294
63138,7295
63150,7296
63154,7297
63155,7298
63158,7299
63172,7300
63179,7301
63180,7302
63195,7303
63199,7304
63204,7305
63209,7306
63217,7307
63222,7308
63230,7309
63244,7310
63262,7311
63269,7312
63271,7313
63297,7314
63326,7315
63331,7316
63346,7317
63355,7318
63356,7319
63357,7320
63380,7321
63412,7322
63446,7323
63447,7324
63460,7325
63477,7326
63482,7327
63496,7328
63499,7329
63501,7330
63503,7331
63509,7332
63525,7333
63528,7334
63530,7335
63547,7336
63553,7337
63557,7338
63583,7339
63584,7340
63621,7341
63625,7342
63639,7343
63648,7344
63666,7345
63684,7346
63689,7347
63706,7348
63712,7349
63718,7350
63724,7351
63733,7352
63734,7353
63737,7354
63746,7355
63750,7356
63753,7357
63756,7358
63785,7359
63786,7360
63787,7361
63790,7362
63802,7363
63803,7364
63812,7365
63822,7366
63828,7367
63831,7368
63836,7369
63860,7370
63869,7371
63887,7372
63892,7373
63909,7374
63919,7375
63924,7376
63930,7377
63936,7378
63976,7379
63981,7380
63986,7381
63991,7382
63998,7383
64015,7384
64030,7385
64046,7386
64049,7387
64056,7388
64061,7389
64070,7390
64097,7391
64104,7392
64112,7393
64125,7394
64131,7395
64138,7396
64149,7397
64157,7398
64160,7399
64167,7400
64184,7401
64189,7402
64193,7403
64196,7404
64226,7405
64235,7406
64246,7407
64252,7408
64257,7409
64261,7410
64264,7411
64266,7412
64275,7413
64283,7414
64290,7415
64300,7416
64320,7417
64353,7418
64354,7419
64355,7420
64356,7421
64359,7422
64364,7423
64367,7424
64373,7425
64379,7426
64399,7427
64402,7428
64435,7429
64446,7430
64448,7431
64462,7432
64468,7433
64513,7434
64532,7435
64533,7436
64550,7437
64580,7438
64588,7439
64599,7440
64627,7441
64635,7442
64639,7443
64648,7444
64653,7445
64677,7446
64679,7447
64697,7448
64708,7449
64720,7450
64721,7451
64731,7452
64750,7453
64763,7454
64771,7455
64776,7456
64783,7457
64784,7458
64805,7459
64811,7460
64829,7461
64835,7462
64838,7463
64854,7464
64855,7465
64860,7466
64895,7467
64904,7468
64913,7469
64914,7470
64915,7471
64920,7472
64954,7473
64961,7474
64984,7475
64988,7476
64991,7477
65006,7478
65008,7479
65009,7480
65017,7481
65049,7482
65055,7483
65084,7484
65099,7485
65104,7486
65107,7487
65112,7488
65119,7489
65131,7490
65132,7491
65162,7492
65164,7493
65166,7494
65176,7495
65189,7496
65202,7497
65204,7498
65208,7499
65229,7500
65265,7501
65266,7502
65271,7503
65287,7504
65297,7505
65328,7506
65330,7507
65331,7508
65340,7509
65347,7510
65350,7511
65363,7512
65387,7513
65401,7514
65410,7515
65417,7516
65419,7517
65421,7518
65423,7519
65427,7520
65429,7521
65457,7522
65468,7523
65469,7524
65473,7525
65491,7526
65503,7527
65535,7528
65538,7529
65548,7530
65563,7531
65570,7532
65575,7533
65581,7534
65582,7535
65601,7536
65640,7537
65641,7538
65643,7539
65645,7540
65679,7541
65687,7542
65698,7543
65711,7544
65734,7545
65758,7546
65768,7547
65769,7548
65815,7549
65816,7550
65829,7551
65840,7552
65861,7553
65870,7554
65875,7555
65881,7556
65906,7557
65910,7558
65911,7559
65922,7560
65931,7561
65948,7562
65965,7563
65969,7564
65973,7565
66019,7566
66023,7567
66032,7568
66033,7569
66035,7570
66038,7571
66047,7572
66057,7573
66058,7574
66064,7575
66068,7576
66077,7577
66093,7578
66104,7579
66105,7580
66191,7581
66206,7582
66209,7583
66218,7584
66219,7585
66229,7586
66236,7587
66241,7588
66251,7589
66256,7590
66258,7591
66270,7592
66284,7593
66287,7594
66292,7595
66294,7596
66308,7597
66315,7598
66319,7599
66380,7600
66398,7601
66404,7602
66409,7603
66412,7604
66414,7605
66418,7606
66443,7607
66447,7608
66448,7609
66459,7610
66473,7611
66488,7612
66489,7613
66498,7614
66507,7615
66519,7616
66541,7617
66543,7618
66544,7619
66546,7620
66575,7621
66591,7622
66596,7623
66603,7624
66632,7625
66648,7626
66652,7627
66653,7628
66655,7629
66665,7630
66675,7631
66697,7632
66703,7633
66740,7634
66763,7635
66765,7636
66795,7637
66799,7638
66843,7639
66857,7640
66859,7641
66895,7642
66929,7643
66941,7644
66947,7645
66963,7646
66976,7647
66984,7648
66990,7649
67013,7650
67015,7651
67023,7652
67042,7653
67063,7654
67068,7655
67075,7656
67080,7657
67085,7658
67115,7659
67117,7660
67170,7661
67172,7662
67184,7663
67186,7664
67204,7665
67234,7666
67256,7667
67275,7668
67284,7669
67290,7670
67291,7671
67293,7672
67294,7673
67307,7674
67329,7675
67345,7676
67375,7677
67382,7678
67405,7679
67422,7680
67425,7681
67426,7682
67433,7683
67437,7684
67439,7685
67447,7686
67453,7687
67470,7688
67478,7689
67484,7690
67489,7691
67490,7692
67491,7693
67493,7694
67495,7695
67512,7696
67524,7697
67534,7698
67535,7699
67538,7700
67549,7701
67566,7702
67570,7703
67579,7704
67582,7705
67591,7706
67597,7707
67654,7708
67682,7709
67714,7710
67733,7711
67742,7712
67749,7713
67769,7714
67777,7715
67778,7716
67781,7717
67804,7718
67838,7719
67854,7720
67856,7721
67860,7722
67868,7723
67898,7724
67905,7725
67915,7726
67921,7727
67930,7728
67949,7729
67954,7730
67964,7731
68013,7732
68017,7733
68030,7734
68032,7735
68036,7736
68063,7737
68082,7738
68088,7739
68091,7740
68095,7741
68119,7742
68147,7743
68159,7744
68215,7745
68216,7746
68226,7747
68240,7748
68269,7749
68272,7750
68280,7751
68293,7752
68315,7753
68317,7754
68345,7755
68356,7756
68358,7757
68364,7758
68367,7759
68393,7760
68396,7761
68397,7762
68404,7763
68406,7764
68415,7765
68422,7766
68424,7767
68428,7768
68430,7769
68432,7770
68439,7771
68470,7772
68485,7773
68486,7774
68491,7775
68493,7776
68508,7777
68514,7778
68520,7779
68533,7780
68540,7781
68564,7782
68573,7783
68587,7784
68596,7785
68613,7786
68659,7787
68670,7788
68689,7789
68704,7790
68722,7791
68750,7792
68754,7793
68756,7794
68787,7795
68789,7796
68832,7797
68837,7798
68850,7799
68861,7800
68874,7801
68900,7802
68909,7803
68926,7804
68940,7805
68952,7806
68955,7807
68970,7808
68975,7809
68976,7810
68981,7811
68989,7812
68999,7813
69004,7814
69013,7815
69015,7816
69020,7817
69038,7818
69043,7819
69046,7820
69051,7821
69063,7822
69078,7823
69089,7824
69100,7825
69106,7826
69127,7827
69131,7828
69138,7829
69155,7830
69164,7831
69173,7832
69186,7833
69191,7834
69197,7835
69202,7836
69213,7837
69214,7838
69215,7839
69229,7840
69240,7841
69243,7842
69263,7843
69270,7844
69271,7845
69281,7846
69300,7847
69302,7848
69347,7849
69360,7850
69372,7851
69382,7852
69407,7853
69424,7854
69429,7855
69440,7856
69442,7857
69443,7858
69445,7859
69450,7860
69474,7861
69475,7862
69479,7863
69484,7864
69498,7865
69500,7866
69501,7867
69510,7868
69519,7869
69525,7870
69585,7871
69612,7872
69629,7873
69630,7874
69633,7875
69636,7876
69639,7877
69650,7878
69661,7879
69664,7880
69708,7881
69709,7882
69718,7883
69719,7884
69730,7885
69733,7886
69736,7887
69752,7888
69753,7889
69755,7890
69782,7891
69826,7892
69841,7893
69846,7894
69848,7895
69850,7896
69891,7897
69903,7898
69917,7899
69924,7900
69936,7901
69953,7902
69970,7903
69983,7904
69990,7905
70005,7906
70016,7907
70017,7908
70018,7909
70026,7910
70032,7911
70051,7912
70064,7913
70080,7914
70087,7915
70088,7916
70097,7917
70103,7918
70115,7919
70147,7920
70154,7921
70165,7922
70173,7923
70179,7924
70188,7925
70190,7926
70192,7927
70199,7928
70204,7929
70207,7930
70215,7931
70224,7932
70239,7933
70242,7934
70267,7935
70268,7936
70282,7937
70284,7938
70287,7939
70290,7940
70294,7941
70329,7942
70377,7943
70390,7944
70412,7945
70423,7946
70426,7947
70434,7948
70437,7949
70485,7950
70486,7951
70487,7952
70493,7953
70522,7954
70534,7955
70538,7956
70562,7957
70594,7958
70614,7959
70620,7960
70631,7961
70632,7962
70641,7963
70646,7964
70712,7965
70713,7966
70719,7967
70755,7968
70758,7969
70776,7970
70813,7971
70860,7972
70868,7973
70900,7974
70912,7975
70915,7976
70920,7977
70923,7978
70935,7979
70953,7980
70954,7981
70956,7982
70980,7983
70997,7984
70998,7985
71017,7986
71042,7987
71065,7988
71067,7989
71074,7990
71085,7991
71101,7992
71109,7993
71127,7994
71129,7995
71141,7996
71142,7997
71175,7998
71179,7999
71187,8000
71192,8001
71196,8002
71203,8003
71205,8004
71208,8005
71234,8006
71243,8007
71245,8008
71257,8009
71258,8010
71263,8011
71264,8012
71273,8013
71286,8014
71302,8015
71313,8016
71338,8017
71344,8018
71360,8019
71373,8020
71374,8021
71405,8022
71415,8023
71417,8024
71423,8025
71424,8026
71443,8027
71450,8028
71469,8029
71472,8030
71483,8031
71484,8032
71485,8033
71499,8034
71501,8035
71503,8036
71557,8037
71604,8038
71609,8039
71616,8040
71618,8041
71631,8042
71659,8043
71664,8044
71688,8045
71708,8046
71732,8047
71739,8048
71750,8049
71767,8050
71774,8051
71849,8052
71871,8053
71873,8054
71876,8055
71895,8056
71906,8057
71908,8058
71913,8059
71916,8060
71931,8061
71933,8062
71939,8063
71967,8064
71978,8065
71979,8066
72028,8067
72044,8068
72079,8069
72084,8070
72085,8071
72091,8072
72108,8073
72109,8074
72112,8075
72119,8076
72122,8077
72124,8078
72157,8079
72176,8080
72180,8081
72184,8082
72197,8083
72198,8084
72204,8085
72207,8086
72218,8087
72237,8088
72263,8089
72283,8090
72297,8091
72308,8092
72321,8093
72334,8094
72343,8095
72356,8096
72367,8097
72381,8098
72409,8099
72425,8100
72429,8101
72455,8102
72467,8103
72479,8104
72490,8105
72526,8106
72536,8107
72545,8108
72567,8109
72585,8110
72604,8111
72608,8112
72610,8113
72614,8114
72639,8115
72646,8116
72654,8117
72678,8118
72680,8119
72722,8120
72733,8121
72741,8122
72746,8123
72747,8124
72752,8125
72774,8126
72787,8127
72795,8128
72801,8129
72814,8130
72826,8131
72830,8132
72832,8133
72861,8134
72864,8135
72866,8136
72886,8137
72927,8138
72963,8139
72968,8140
72971,8141
72983,8142
72990,8143
72994,8144
73011,8145
73014,8146
73020,8147
73021,8148
73033,8149
73034,8150
73051,8151
73061,8152
73062,8153
73087,8154
73103,8155
73107,8156
73166,8157
73190,8158
73194,8159
73201,8160
73204,8161
73214,8162
73224,8163
73238,8164
73263,8165
73264,8166
73274,8167
73315,8168
73341,8169
73348,8170
73362,8171
73364,8172
73378,8173
73438,8174
73440,8175
73450,8176
73469,8177
73470,8178
73488,8179
73499,8180
73518,8181
73542,8182
73578,8183
73583,8184
73590,8185
73596,8186
73597,8187
73623,8188
73630,8189
73636,8190
73679,8191
73710,8192
73724,8193
73740,8194
73754,8195
73792,8196
73793,8197
73805,8198
73810,8199
73818,8200
73825,8201
73827,8202
73831,8203
73844,8204
73846,8205
73859,8206
73863,8207
73866,8208
73879,8209
73907,8210
73922,8211
73927,8212
73929,8213
73935,8214
73937,8215
73939,8216
73953,8217
73960,8218
73970,8219
73973,8220
73977,8221
73997,8222
74010,8223
74016,8224
74039,8225
74046,8226
74048,8227
74080,8228
74086,8229
74088,8230
74121,8231
74123,8232
74146,8233
74182,8234
74209,8235
74214,8236
74223,8237
74251,8238
74259,8239
74273,8240
74275,8241
74279,8242
74282,8243
74285,8244
74300,8245
74301,8246
74332,8247
74365,8248
74371,8249
74386,8250
74388,8251
74394,8252
74395,8253
74401,8254
74438,8255
74475,8256
74476,8257
74483,8258
74532,8259
74554,8260
74560,8261
74590,8262
74594,8263
74608,8264
74617,8265
74620,8266
74629,8267
74634,8268
74691,8269
74716,8270
74722,8271
74730,8272
74746,8273
74748,8274
74760,8275
74790,8276
74794,8277
74805,8278
74821,8279
74827,8280
74829,8281
74831,8282
74837,8283
74844,8284
74851,8285
74908,8286
74909,8287
74927,8288
74980,8289
74982,8290
74993,8291
75061,8292
75106,8293
75109,8294
75113,8295
75118,8296
75140,8297
75167,8298
75168,8299
75178,8300
75185,8301
75202,8302
75207,8303
75216,8304
75225,8305
75231,8306
75255,8307
75293,8308
75302,8309
75310,8310
75316,8311
75317,8312
75324,8313
75348,8314
75351,8315
75357,8316
75369,8317
75400,8318
75432,8319
75434,8320
75437,8321
75453,8322
75471,8323
75475,8324
75499,8325
75508,8326
75525,8327
75568,8328
75598,8329
75620,8330
75628,8331
75637,8332
75644,8333
75649,8334
75658,8335
75659,8336
75662,8337
75666,8338
75677,8339
75683,8340
75726,8341
75733,8342
75737,8343
75744,8344
75747,8345
75751,8346
75757,8347
75758,8348
75775,8349
75777,8350
75789,8351
75800,8352
75813,8353
75817,8354
75851,8355
75873,8356
75878,8357
75913,8358
75915,8359
75955,8360
75996,8361
76003,8362
76012,8363
76014,8364
76043,8365
76060,8366
76073,8367
76077,8368
76133,8369
76138,8370
76142,8371
76198,8372
76223,8373
76227,8374
76237,8375
76250,8376
76273,8377
76294,8378
76296,8379
76312,8380
76334,8381
76386,8382
76402,8383
76416,8384
76422,8385
76425,8386
76441,8387
76453,8388
76470,8389
76491,8390
76494,8391
76504,8392
76511,8393
76513,8394
76517,8395
76526,8396
76535,8397
76539,8398
76540,8399
76546,8400
76560,8401
76565,8402
76616,8403
76644,8404
76645,8405
76658,8406
76665,8407
76670,8408
76684,8409
76687,8410
76697,8411
76715,8412
76768,8413
76779,8414
76817,8415
76819,8416
76839,8417
76861,8418
76865,8419
76883,8420
76895,8421
76907,8422
76913,8423
76930,8424
76935,8425
76944,8426
76946,8427
76950,8428
76954,8429
76991,8430
77004,8431
77005,8432
77009,8433
77023,8434
77039,8435
77050,8436
77086,8437
77087,8438
77090,8439
77102,8440
77105,8441
77136,8442
77183,8443
77184,8444
77200,8445
77201,8446
77206,8447
77221,8448
77231,8449
77259,8450
77262,8451
77291,8452
77300,8453
77302,8454
77316,8455
77326,8456
77334,8457
77349,8458
77354,8459
77378,8460
77397,8461
77403,8462
77414,8463
77417,8464
77420,8465
77427,8466
77430,8467
77442,8468
77446,8469
77465,8470
77472,8471
77476,8472
77479,8473
77482,8474
77487,8475
77492,8476
77493,8477
77494,8478
77497,8479
77514,8480
77530,8481
77554,8482
77561,8483
77567,8484
77588,8485
77602,8486
77611,8487
77623,8488
77662,8489
77666,8490
77689,8491
77692,8492
77695,8493
77745,8494
77758,8495
77781,8496
77797,8497
77800,8498
77820,8499
77825,8500
77836,8501
77844,8502
77854,8503
77861,8504
77920,8505
77932,8506
77959,8507
77960,8508
77971,8509
77978,8510
77984,8511
77989,8512
77992,8513
78006,8514
78009,8515
78014,8516
78017,8517
78018,8518
78024,8519
78028,8520
78029,8521
78039,8522
78048,8523
78055,8524
78088,8525
78091,8526
78098,8527
78100,8528
78111,8529
78112,8530
78122,8531
78123,8532
78132,8533
78133,8534
78137,8535
78145,8536
78149,8537
78163,8538
78189,8539
78194,8540
78198,8541
78204,8542
78205,8543
78225,8544
78237,8545
78259,8546
78263,8547
78274,8548
78284,8549
78288,8550
78289,8551
78320,8552
78340,8553
78350,8554
78382,8555
78399,8556
78400,8557
78411,8558
78432,8559
78476,8560
78490,8561
78512,8562
78544,8563
78552,8564
78555,8565
78572,8566
78575,8567
78579,8568
78607,8569
78639,8570
78666,8571
78684,8572
78693,8573
78705,8574
78707,8575
78708,8576
78711,8577
78712,8578
78730,8579
78738,8580
78747,8581
78752,8582
78769,8583
78772,8584
78781,8585
78792,8586
78814,8587
78824,8588
78834,8589
78853,8590
78893,8591
78897,8592
78910,8593
78922,8594
78925,8595
78938,8596
78946,8597
78950,8598
78953,8599
78954,8600
78959,8601
79000,8602
79008,8603
79014,8604
79020,8605
79029,8606
79079,8607
79082,8608
79090,8609
79103,8610
79108,8611
79113,8612
79116,8613
79132,8614
79145,8615
79159,8616
79176,8617
79179,8618
79213,8619
79216,8620
79219,8621
79222,8622
79247,8623
79271,8624
79275,8625
79278,8626
79283,8627
79291,8628
79308,8629
79309,8630
79312,8631
79337,8632
79375,8633
79378,8634
79388,8635
79394,8636
79410,8637
79412,8638
79427,8639
79431,8640
79432,8641
79436,8642
79462,8643
79469,8644
79506,8645
79526,8646
79537,8647
79542,8648
79562,8649
79563,8650
79571,8651
79574,8652
79595,8653
79606,8654
79644,8655
79651,8656
79662,8657
79669,8658
79672,8659
79677,8660
79703,8661
79715,8662
79717,8663
79729,8664
79760,8665
79770,8666
79774,8667
79781,8668
79857,8669
79860,8670
79890,8671
79914,8672
79917,8673
79943,8674
79944,8675
79954,8676
79964,8677
80036,8678
80044,8679
80062,8680
80073,8681
80075,8682
80076,8683
80085,8684
80095,8685
80118,8686
80120,8687
80129,8688
80130,8689
80153,8690
80156,8691
80182,8692
80187,8693
80197,8694
80204,8695
80213,8696
80217,8697
80242,8698
80247,8699
80252,8700
80306,8701
80323,8702
80339,8703
80341,8704
80350,8705
80387,8706
80395,8707
80398,8708
80407,8709
80408,8710
80409,8711
80411,8712
80413,8713
80416,8714
80419,8715
80427,8716
80434,8717
80435,8718
80470,8719
80482,8720
80498,8721
80536,8722
80560,8723
80581,8724
80613,8725
80617,8726
80637,8727
80647,8728
80661,8729
80667,8730
80671,8731
80675,8732
80695,8733
80704,8734
80724,8735
80728,8736
80737,8737
80795,8738
80822,8739
80851,8740
80852,8741
80882,8742
80891,8743
80898,8744
80909,8745
80927,8746
80935,8747
80959,8748
80960,8749
80963,8750
80964,8751
80975,8752
80979,8753
80996,8754
81029,8755
81032,8756
81045,8757
81047,8758
81048,8759
81059,8760
81091,8761
81096,8762
81097,8763
81099,8764
81115,8765
81116,8766
81117,8767
81118,8768
81136,8769
81138,8770
81141,8771
81149,8772
81150,8773
81160,8774
81168,8775
81205,8776
81207,8777
81211,8778
81212,8779
81217,8780
81232,8781
81251,8782
81259,8783
81281,8784
81284,8785
81286,8786
81296,8787
81308,8788
81311,8789
81314,8790
81319,8791
81339,8792
81347,8793
81367,8794
81375,8795
81395,8796
81419,8797
81428,8798
81429,8799
81465,8800
81494,8801
81544,8802
81583,8803
81585,8804
81591,8805
81598,8806
81611,8807
81633,8808
81650,8809
81656,8810
81666,8811
81668,8812
81671,8813
81675,8814
81684,8815
81687,8816
81698,8817
81702,8818
81712,8819
81722,8820
81725,8821
81737,8822
81764,8823
81781,8824
81803,8825
81807,8826
81834,8827
81845,8828
81849,8829
81851,8830
81852,8831
81853,8832
81854,8833
81856,8834
81857,8835
81858,8836
81861,8837
81869,8838
81870,8839
81890,8840
81891,8841
81900,8842
81902,8843
81916,8844
81951,8845
81956,8846
81962,8847
81968,8848
81983,8849
81986,8850
81989,8851
82001,8852
82002,8853
82023,8854
82024,8855
82028,8856
82032,8857
82034,8858
82037,8859
82077,8860
82094,8861
82102,8862
82109,8863
82119,8864
82132,8865
82175,8866
82177,8867
82191,8868
82226,8869
82262,8870
82276,8871
82278,8872
82287,8873
82288,8874
82297,8875
82302,8876
82303,8877
82334,8878
82337,8879
82410,8880
82412,8881
82418,8882
82437,8883
82439,8884
82445,8885
82464,8886
82466,8887
82477,8888
82486,8889
82508,8890
82519,8891
82524,8892
82538,8893
82546,8894
82565,8895
82588,8896
82591,8897
82594,8898
82603,8899
82641,8900
82674,8901
82679,8902
82688,8903
82697,8904
82750,8905
82770,8906
82777,8907
82778,8908
82820,8909
82827,8910
82829,8911
82830,8912
82837,8913
82867,8914
82879,8915
82886,8916
82889,8917
82896,8918
82903,8919
82915,8920
82917,8921
82925,8922
82934,8923
82939,8924
82944,8925
82945,8926
82955,8927
82968,8928
82982,8929
82985,8930
82997,8931
83008,8932
83061,8933
83083,8934
83093,8935
83113,8936
83123,8937
83133,8938
83141,8939
83149,8940
83185,8941
83186,8942
83187,8943
83189,8944
83203,8945
83205,8946
83207,8947
83235,8948
83255,8949
83257,8950
83260,8951
83265,8952
83268,8953
83276,8954
83284,8955
83286,8956
83287,8957
83289,8958
83307,8959
83316,8960
83370,8961
83371,8962
83407,8963
83419,8964
83425,8965
83433,8966
83436,8967
83437,8968
83441,8969
83464,8970
83465,8971
83475,8972
83478,8973
83484,8974
83491,8975
83505,8976
83506,8977
83507,8978
83524,8979
83550,8980
83551,8981
83553,8982
83561,8983
83580,8984
83592,8985
83608,8986
83613,8987
83624,8988
83625,8989
83634,8990
83642,8991
83644,8992
83648,8993
83666,8994
83668,8995
83671,8996
83678,8997
83701,8998
83708,8999
83719,9000
83747,9001
83748,9002
83770,9003
83772,9004
83777,9005
83789,9006
83793,9007
83800,9008
83806,9009
83807,9010
83812,9011
83815,9012
83828,9013
83857,9014
83862,9015
83867,9016
83890,9017
83892,9018
83902,9019
83936,9020
83945,9021
83950,9022
83963,9023
83973,9024
83988,9025
84022,9026
84023,9027
84030,9028
84033,9029
84034,9030
84038,9031
84051,9032
84052,9033
84063,9034
84076,9035
84083,9036
84085,9037
84098,9038
84104,9039
84110,9040
84137,9041
84141,9042
84159,9043
84161,9044
84177,9045
84194,9046
84217,9047
84221,9048
84231,9049
84234,9050
84247,9051
84253,9052
84259,9053
84268,9054
84273,9055
84286,9056
84289,9057
84293,9058
84322,9059
84324,9060
84325,9061
84330,9062
84345,9063
84348,9064
84352,9065
84385,9066
84419,9067
84441,9068
84452,9069
84471,9070
84474,9071
84475,9072
84486,9073
84489,9074
84491,9075
84492,9076
84504,9077
84509,9078
84516,9079
84530,9080
84545,9081
84548,9082
84576,9083
84590,9084
84592,9085
84612,9086
84613,9087
84619,9088
84634,9089
84651,9090
84665,9091
84696,9092
84708,9093
84719,9094
84727,9095
84738,9096
84746,9097
84764,9098
84770,9099
84776,9100
84807,9101
84822,9102
84828,9103
84829,9104
84865,9105
84867,9106
84869,9107
84873,9108
84886,9109
84892,9110
84902,9111
84907,9112
84951,9113
84956,9114
84957,9115
84975,9116
84987,9117
85002,9118
85006,9119
85029,9120
85042,9121
85057,9122
85064,9123
85096,9124
85108,9125
85122,9126
85127,9127
85141,9128
85148,9129
85153,9130
85166,9131
85173,9132
85182,9133
85197,9134
85199,9135
85201,9136
85220,9137
85227,9138
85242,9139
85258,9140
85290,9141
85296,9142
85319,9143
85332,9144
85350,9145
85373,9146
85387,9147
85447,9148
85449,9149
85452,9150
85466,9151
85473,9152
85475,9153
85504,9154
85505,9155
85511,9156
85520,9157
85545,9158
85570,9159
85575,9160
85609,9161
85615,9162
85629,9163
85630,9164
85644,9165
85662,9166
85669,9167
85683,9168
85686,9169
85705,9170
85711,9171
85721,9172
85746,9173
85780,9174
85782,9175
85800,9176
85802,9177
85839,9178
85847,9179
85853,9180
85857,9181
85858,9182
85871,9183
85918,9184
85955,9185
85957,9186
85966,9187
85993,9188
86006,9189
86043,9190
86052,9191
86055,9192
86064,9193
86067,9194
86071,9195
86096,9196
86101,9197
86105,9198
86112,9199
86133,9200
86144,9201
86146,9202
86192,9203
86207,9204
86210,9205
86216,9206
86248,9207
86264,9208
86275,9209
86306,9210
86307,9211
86317,9212
86340,9213
86343,9214
86350,9215
86353,9216
86365,9217
86379,9218
86387,9219
86393,9220
86397,9221
86436,9222
86478,9223
86484,9224
86485,9225
86514,9226
86516,9227
86535,9228
86593,9229
86596,9230
86623,9231
86644,9232
86675,9233
86689,9234
86698,9235
86711,9236
86753,9237
86759,9238
86768,9239
86780,9240
86786,9241
86793,9242
86808,9243
86820,9244
86835,9245
86849,9246
86858,9247
86863,9248
86865,9249
86866,9250
86868,9251
86880,9252
86887,9253
86892,9254
86897,9255
86933,9256
86936,9257
86937,9258
86939,9259
86940,9260
86941,9261
86946,9262
86969,9263
87034,9264
87047,9265
87058,9266
87075,9267
87080,9268
87085,9269
87115,9270
87124,9271
87129,9272
87133,9273
87138,9274
87171,9275
87173,9276
87187,9277
87201,9278
87205,9279
87256,9280
87258,9281
87282,9282
87288,9283
87295,9284
87312,9285
87317,9286
87323,9287
87327,9288
87339,9289
87354,9290
87361,9291
87370,9292
87378,9293
87380,9294
87410,9295
87420,9296
87421,9297
87433,9298
87440,9299
87461,9300
87480,9301
87481,9302
87482,9303
87503,9304
87536,9305
87537,9306
87554,9307
87611,9308
87612,9309
87623,9310
87629,9311
87648,9312
87651,9313
87666,9314
87683,9315
87689,9316
87698,9317
87710,9318
87722,9319
87744,9320
87748,9321
87775,9322
87776,9323
87782,9324
87824,9325
87845,9326
87860,9327
87864,9328
87877,9329
87879,9330
87908,9331
87910,9332
87925,9333
87949,9334
87959,9335
87962,9336
87967,9337
88002,9338
88010,9339
88015,9340
88016,9341
88019,9342
88026,9343
88089,9344
88091,9345
88104,9346
88116,9347
88204,9348
88212,9349
88220,9350
88222,9351
88227,9352
88236,9353
88238,9354
88251,9355
88255,9356
88286,9357
88290,9358
88294,9359
88304,9360
88315,9361
88333,9362
88346,9363
88347,9364
88348,9365
88350,9366
88364,9367
88383,9368
88386,9369
88410,9370
88413,9371
88419,9372
88420,9373
88430,9374
88433,9375
88437,9376
88438,9377
88453,9378
88459,9379
88486,9380
88489,9381
88503,9382
88523,9383
88526,9384
88527,9385
88538,9386
88539,9387
88540,9388
88542,9389
88546,9390
88556,9391
88564,9392
88576,9393
88578,9394
88589,9395
88599,9396
88605,9397
88611,9398
88634,9399
88646,9400
88662,9401
88680,9402
88681,9403
88683,9404
88689,9405
88691,9406
88694,9407
88715,9408
88732,9409
88735,9410
88740,9411
88753,9412
88794,9413
88800,9414
88804,9415
88812,9416
88822,9417
88831,9418
88880,9419
88885,9420
88886,9421
88919,9422
88931,9423
88939,9424
88945,9425
88948,9426
88968,9427
88991,9428
89007,9429
89014,9430
89030,9431
89047,9432
89054,9433
89066,9434
89089,9435
89105,9436
89107,9437
89124,9438
89132,9439
89138,9440
89145,9441
89155,9442
89164,9443
89167,9444
89168,9445
89177,9446
89186,9447
89190,9448
89204,9449
89207,9450
89223,9451
89228,9452
89298,9453
89310,9454
89396,9455
89433,9456
89439,9457
89451,9458
89486,9459
89493,9460
89503,9461
89512,9462
89516,9463
89550,9464
89559,9465
89570,9466
89575,9467
89577,9468
89585,9469
89591,9470
89592,9471
89609,9472
89679,9473
89684,9474
89696,9475
89705,9476
89708,9477
89725,9478
89734,9479
89750,9480
89751,9481
89788,9482
89826,9483
89834,9484
89835,9485
89857,9486
89907,9487
89909,9488
89925,9489
89929,9490
89931,9491
89932,9492
89933,9493
89977,9494
89992,9495
90000,9496
90001,9497
90003,9498
90032,9499
90050,9500
90059,9501
90060,9502
90073,9503
90079,9504
90080,9505
90084,9506
90086,9507
90105,9508
90116,9509
90133,9510
90135,9511
90136,9512
90140,9513
90142,9514
90151,9515
90159,9516
90203,9517
90229,9518
90242,9519
90243,9520
90246,9521
90316,9522
90322,9523
90323,9524
90325,9525
90331,9526
90355,9527
90361,9528
90387,9529
90401,9530
90402,9531
90405,9532
90414,9533
90442,9534
90444,9535
90453,9536
90460,9537
90485,9538
90487,9539
90502,9540
90513,9541
90523,9542
90566,9543
90601,9544
90619,9545
90633,9546
90653,9547
90667,9548
90673,9549
90674,9550
90683,9551
90685,9552
90686,9553
90693,9554
90709,9555
90730,9556
90735,9557
90739,9558
90746,9559
90765,9560
90771,9561
90773,9562
90774,9563
90808,9564
90816,9565
90822,9566
90841,9567
90859,9568
90877,9569
90878,9570
90880,9571
90907,9572
90921,9573
90932,9574
90941,9575
90962,9576
90971,9577
90975,9578
91002,9579
91020,9580
91033,9581
91061,9582
91070,9583
91093,9584
91109,9585
91128,9586
91161,9587
91182,9588
91185,9589
91196,9590
91199,9591
91246,9592
91266,9593
91267,9594
91270,9595
91274,9596
91292,9597
91301,9598
91303,9599
91318,9600
91363,9601
91390,9602
91412,9603
91413,9604
91420,9605
91422,9606
91423,9607
91450,9608
91452,9609
91454,9610
91463,9611
91501,9612
91512,9613
91577,9614
91587,9615
91598,9616
91624,9617
91625,9618
91644,9619
91661,9620
91665,9621
91710,9622
91720,9623
91725,9624
91735,9625
91762,9626
91773,9627
91781,9628
91789,9629
91791,9630
91792,9631
91798,9632
91801,9633
91809,9634
91816,9635
91827,9636
91864,9637
91874,9638
91876,9639
91909,9640
91931,9641
91937,9642
91948,9643
91961,9644
91963,9645
91973,9646
91996,9647
92008,9648
92016,9649
92021,9650
92022,9651
92027,9652
92028,9653
92043,9654
92058,9655
92066,9656
92072,9657
92094,9658
92095,9659
92096,9660
92103,9661
92110,9662
92118,9663
92125,9664
92136,9665
92160,9666
92174,9667
92175,9668
92194,9669
92196,9670
92204,9671
92208,9672
92216,9673
92282,9674
92290,9675
92292,9676
92294,9677
92316,9678
92337,9679
92343,9680
92346,9681
92382,9682
92419,9683
92461,9684
92466,9685
92485,9686
92492,9687
92494,9688
92496,9689
92501,9690
92514,9691
92523,9692
92534,9693
92599,9694
92633,9695
92647,9696
92649,9697
92651,9698
92653,9699
92658,9700
92660,9701
92661,9702
92680,9703
92682,9704
92702,9705
92707,9706
92717,9707
92719,9708
92803,9709
92839,9710
92855,9711
92871,9712
92874,9713
92882,9714
92894,9715
92923,9716
92949,9717
92963,9718
92994,9719
93010,9720
93017,9721
93019,9722
93026,9723
93031,9724
93034,9725
93056,9726
93076,9727
93114,9728
93115,9729
93116,9730
93128,9731
93142,9732
93173,9733
93175,9734
93190,9735
93223,9736
93226,9737
93256,9738
93267,9739
93273,9740
93279,9741
93282,9742
93316,9743
93333,9744
93373,9745
93401,9746
93403,9747
93408,9748
93426,9749
93429,9750
93481,9751
93511,9752
93520,9753
93528,9754
93531,9755
93536,9756
93592,9757
93596,9758
93636,9759
93670,9760
93674,9761
93682,9762
93688,9763
93699,9764
93724,9765
93725,9766
93732,9767
93746,9768
93767,9769
93770,9770
93777,9771
93781,9772
93797,9773
93840,9774
93885,9775
93886,9776
93906,9777
93914,9778
93930,9779
93945,9780
93946,9781
93990,9782
94031,9783
94084,9784
94087,9785
94089,9786
94092,9787
94107,9788
94123,9789
94128,9790
94133,9791
94142,9792
94164,9793
94170,9794
94195,9795
94198,9796
94211,9797
94217,9798
94219,9799
94232,9800
94271,9801
94308,9802
94355,9803
94356,9804
94363,9805
94398,9806
94399,9807
94412,9808
94420,9809
94421,9810
94424,9811
94426,9812
94429,9813
94436,9814
94437,9815
94441,9816
94458,9817
94469,9818
94475,9819
94490,9820
94496,9821
94502,9822
94516,9823
94520,9824
94528,9825
94532,9826
94533,9827
94536,9828
94557,9829
94612,9830
94624,9831
94626,9832
94654,9833
94657,9834
94671,9835
94673,9836
94674,9837
94713,9838
94781,9839
94785,9840
94787,9841
94809,9842
94817,9843
94818,9844
94822,9845
94837,9846
94846,9847
94853,9848
94886,9849
94907,9850
94941,9851
94964,9852
94978,9853
94989,9854
94990,9855
94991,9856
94993,9857
94994,9858
95007,9859
95017,9860
95019,9861
95021,9862
95022,9863
95032,9864
95048,9865
95057,9866
95068,9867
95086,9868
95104,9869
95120,9870
95135,9871
95138,9872
95145,9873
95148,9874
95209,9875
95220,9876
95222,9877
95227,9878
95239,9879
95246,9880
95254,9881
95288,9882
95290,9883
95294,9884
95304,9885
95309,9886
95311,9887
95312,9888
95314,9889
95315,9890
95330,9891
95343,9892
95352,9893
95365,9894
95375,9895
95376,9896
95383,9897
95386,9898
95409,9899
95414,9900
95416,9901
95424,9902
95442,9903
95456,9904
95466,9905
95468,9906
95474,9907
95475,9908
95476,9909
95485,9910
95528,9911
95532,9912
95533,9913
95534,9914
95546,9915
95553,9916
95562,9917
95569,9918
95571,9919
95587,9920
95598,9921
95601,9922
95606,9923
95607,9924
95632,9925
95677,9926
95680,9927
95686,9928
95695,9929
95703,9930
95704,9931
95711,9932
95734,9933
95771,9934
95786,9935
95795,9936
95797,9937
95801,9938
95808,9939
95818,9940
95823,9941
95842,9942
95863,9943
95878,9944
95881,9945
95888,9946
95896,9947
95900,9948
95926,9949
95947,9950
95956,9951
95987,9952
95988,9953
95996,9954
96003,9955
96008,9956
96018,9957
96042,9958
96046,9959
96051,9960
96078,9961
96081,9962
96086,9963
96087,9964
96092,9965
96094,9966
96111,9967
96143,9968
96154,9969
96207,9970
96210,9971
96236,9972
96253,9973
96274,9974
96276,9975
96346,9976
96347,9977
96361,9978
96367,9979
96381,9980
96392,9981
96431,9982
96446,9983
96465,9984
96467,9985
96475,9986
96477,9987
96485,9988
96493,9989
96499,9990
96514,9991
96520,9992
96521,9993
96523,9994
96563,9995
96581,9996
96582,9997
96621,9998
96660,9999
96710,10000
96727,10001
96820,10002
96842,10003
96843,10004
96865,10005
96877,10006
96886,10007
96921,10008
96925,10009
96972,10010
96978,10011
96980,10012
96988,10013
96989,10014
96991,10015
96994,10016
97012,10017
97023,10018
97070,10019
97085,10020
97096,10021
97098,10022
97115,10023
97116,10024
97122,10025
97125,10026
97130,10027
97138,10028
97156,10029
97169,10030
97190,10031
97196,10032
97213,10033
97229,10034
97240,10035
97243,10036
97291,10037
97312,10038
97315,10039
97327,10040
97332,10041
97340,10042
97354,10043
97356,10044
97360,10045
97361,10046
97365,10047
97428,10048
97431,10049
97439,10050
97444,10051
97468,10052
97486,10053
97491,10054
97496,10055
97498,10056
97521,10057
97523,10058
97531,10059
97533,10060
97534,10061
97553,10062
97564,10063
97565,10064
97573,10065
97583,10066
97589,10067
97590,10068
97591,10069
97601,10070
97606,10071
97632,10072
97648,10073
97661,10074
97674,10075
97685,10076
97694,10077
97695,10078
97697,10079
97699,10080
97743,10081
97745,10082
97754,10083
97763,10084
97764,10085
97774,10086
97785,10087
97824,10088
97831,10089
97838,10090
97880,10091
97892,10092
97903,10093
97930,10094
97939,10095
97946,10096
97952,10097
97966,10098
98017,10099
98019,10100
98035,10101
98044,10102
98052,10103
98079,10104
98125,10105
98127,10106
98137,10107
98139,10108
98184,10109
98213,10110
98221,10111
98244,10112
98246,10113
98258,10114
98273,10115
98294,10116
98305,10117
98345,10118
98366,10119
98370,10120
98377,10121
98382,10122
98395,10123
98425,10124
98439,10125
98446,10126
98447,10127
98450,10128
98482,10129
98512,10130
98519,10131
98584,10132
98604,10133
98628,10134
98636,10135
98642,10136
98652,10137
98666,10138
98680,10139
98705,10140
98713,10141
98722,10142
98724,10143
98733,10144
98746,10145
98756,10146
98761,10147
98774,10148
98783,10149
98812,10150
98844,10151
98845,10152
98846,10153
98849,10154
98859,10155
98861,10156
98867,10157
98869,10158
98884,10159
98910,10160
98918,10161
98923,10162
98927,10163
98934,10164
98940,10165
98977,10166
98981,10167
98985,10168
98993,10169
99023,10170
99034,10171
99056,10172
99061,10173
99062,10174
99066,10175
99081,10176
99086,10177
99094,10178
99103,10179
99113,10180
99125,10181
99150,10182
99151,10183
99156,10184
99184,10185
99210,10186
99247,10187
99251,10188
99254,10189
99272,10190
99277,10191
99282,10192
99284,10193
99319,10194
99323,10195
99325,10196
99329,10197
99333,10198
99354,10199
99361,10200
99395,10201
99423,10202
99430,10203
99435,10204
99438,10205
99443,10206
99476,10207
99481,10208
99500,10209
99550,10210
99554,10211
99564,10212
99570,10213
99579,10214
99588,10215
99605,10216
99619,10217
99636,10218
99646,10219
99649,10220
99702,10221
99708,10222
99709,10223
99711,10224
99717,10225
99731,10226
99740,10227
99746,10228
99752,10229
99773,10230
99781,10231
99799,10232
99813,10233
99817,10234
99821,10235
99830,10236
99843,10237
99852,10238
99853,10239
99860,10240
99866,10241
99870,10242
99880,10243
99898,10244
99909,10245
99914,10246
99918,10247
99923,10248
99952,10249
99966,10250
99991,10251
99992,10252
99996,10253
100000,10254
100005,10255
100009,10256
100014,10257
100039,10258
100062,10259
100068,10260
100069,10261
100071,10262
100078,10263
100111,10264
100116,10265
100162,10266
100185,10267
100196,10268
100208,10269
100215,10270
100225,10271
100227,10272
100260,10273
100281,10274
100291,10275
100298,10276
100315,10277
100336,10278
100346,10279
100353,10280
100355,10281
100365,10282
100379,10283
100387,10284
100396,10285
100399,10286
100407,10287
100408,10288
100417,10289
100427,10290
100450,10291
100464,10292
100468,10293
100474,10294
100480,10295
100481,10296
100485,10297
100488,10298
100502,10299
100510,10300
100513,10301
100520,10302
100526,10303
100542,10304
100554,10305
100555,10306
100566,10307
100594,10308
100602,10309
100604,10310
100626,10311
100646,10312
100649,10313
100651,10314
100658,10315
100666,10316
100674,10317
100679,10318
100688,10319
100710,10320
100727,10321
100756,10322
100761,10323
100762,10324
100770,10325
100777,10326
100781,10327
100793,10328
100796,10329
100798,10330
100804,10331
100856,10332
100864,10333
100865,10334
100871,10335
100876,10336
100886,10337
100898,10338
100908,10339
100927,10340
100943,10341
100952,10342
100988,10343
100999,10344
101003,10345
101018,10346
101027,10347
101036,10348
101038,10349
101040,10350
101041,10351
101068,10352
101085,10353
101101,10354
101104,10355
101112,10356
101141,10357
101171,10358
101191,10359
101211,10360
101273,10361
101283,10362
101284,10363
101294,10364
101299,10365
101342,10366
101391,10367
101397,10368
101403,10369
101410,10370
101417,10371
101431,10372
101438,10373
101446,10374
101454,10375
101474,10376
101475,10377
101476,10378
101490,10379
101525,10380
101530,10381
101548,10382
101557,10383
101568,10384
101579,10385
101585,10386
101601,10387
101619,10388
101635,10389
101636,10390
101642,10391
101647,10392
101651,10393
101657,10394
101673,10395
101694,10396
101698,10397
101699,10398
101703,10399
101750,10400
101751,10401
101777,10402
101798,10403
101802,10404
101803,10405
101814,10406
101816,10407
101823,10408
101832,10409
101833,10410
101836,10411
101839,10412
101846,10413
101861,10414
101893,10415
101925,10416
101926,10417
101937,10418
101954,10419
101955,10420
101967,10421
101977,10422
101982,10423
101985,10424
101988,10425
102012,10426
102024,10427
102035,10428
102037,10429
102047,10430
102048,10431
102053,10432
102058,10433
102070,10434
102073,10435
102074,10436
102080,10437
102083,10438
102091,10439
102092,10440
102111,10441
102132,10442
102139,10443
102164,10444
102176,10445
102190,10446
102191,10447
102194,10448
102208,10449
102221,10450
102234,10451
102237,10452
102251,10453
102281,10454
102294,10455
102305,10456
102311,10457
102312,10458
102335,10459
102336,10460
102338,10461
102345,10462
102349,10463
102350,10464
102351,10465
102358,10466
102382,10467
102422,10468
102423,10469
102435,10470
102438,10471
102451,10472
102468,10473
102480,10474
102501,10475
102506,10476
102524,10477
102525,10478
102531,10479
102548,10480
102563,10481
102565,10482
102587,10483
102596,10484
102597,10485
102598,10486
102608,10487
102612,10488
102617,10489
102620,10490
102631,10491
102655,10492
102672,10493
102674,10494
102677,10495
102681,10496
102694,10497
102699,10498
102707,10499
102718,10500
102721,10501
102727,10502
102734,10503
102736,10504
102744,10505
102745,10506
102763,10507
102764,10508
102775,10509
102777,10510
102813,10511
102833,10512
102843,10513
102848,10514
102875,10515
102886,10516
102895,10517
102901,10518
102909,10519
102914,10520
102933,10521
102950,10522
102964,10523
102968,10524
103006,10525
103011,10526
103024,10527
103032,10528
103035,10529
103056,10530
103060,10531
103073,10532
103085,10533
103100,10534
103136,10535
103152,10536
103158,10537
103175,10538
103214,10539
103215,10540
103237,10541
103243,10542
103247,10543
103254,10544
103262,10545
103269,10546
103284,10547
103317,10548
103328,10549
103333,10550
103372,10551
103392,10552
103403,10553
103421,10554
103435,10555
103437,10556
103457,10557
103461,10558
103469,10559
103476,10560
103501,10561
103516,10562
103523,10563
103524,10564
103529,10565
103547,10566
103562,10567
103572,10568
103578,10569
103584,10570
103588,10571
103599,10572
103606,10573
103611,10574
103642,10575
103643,10576
103644,10577
103653,10578
103679,10579
103701,10580
103703,10581
103744,10582
103746,10583
103760,10584
103761,10585
103762,10586
103767,10587
103775,10588
103799,10589
103807,10590
103811,10591
103832,10592
103838,10593
103847,10594
103890,10595
103893,10596
103939,10597
103957,10598
103958,10599
103960,10600
103961,10601
103966,10602
103967,10603
103971,10604
103972,10605
103974,10606
103983,10607
104014,10608
104017,10609
104046,10610
104052,10611
104084,10612
104086,10613
104134,10614
104150,10615
104171,10616
104182,10617
104191,10618
104195,10619
104215,10620
104222,10621
104227,10622
104240,10623
104242,10624
104248,10625
104266,10626
104267,10627
104270,10628
104292,10629
104302,10630
104312,10631
104329,10632
104336,10633
104352,10634
104354,10635
104363,10636
104393,10637
104405,10638
104409,10639
104438,10640
104439,10641
104476,10642
104504,10643
104509,10644
104529,10645
104569,10646
104573,10647
104597,10648
104604,10649
104628,10650
104630,10651
104673,10652
104686,10653
104698,10654
104700,10655
104703,10656
104715,10657
104729,10658
104732,10659
104747,10660
104767,10661
104792,10662
104798,10663
104799,10664
104803,10665
104808,10666
104814,10667
104832,10668
104852,10669
104861,10670
104863,10671
104881,10672
104939,10673
104954,10674
104958,10675
104965,10676
104975,10677
104977,10678
105013,10679
105043,10680
105071,10681
105080,10682
105081,10683
105102,10684
105104,10685
105122,10686
105141,10687
105177,10688
105193,10689
105199,10690
105202,10691
105212,10692
105228,10693
105229,10694
105260,10695
105272,10696
105281,10697
105304,10698
105318,10699
105331,10700
105357,10701
105365,10702
105376,10703
105380,10704
105404,10705
105417,10706
105422,10707
105424,10708
105452,10709
105482,10710
105530,10711
105532,10712
105538,10713
105542,10714
105545,10715
105548,10716
105573,10717
105580,10718
105583,10719
105594,10720
105617,10721
105651,10722
105670,10723
105682,10724
105707,10725
105713,10726
105718,10727
105726,10728
105751,10729
105760,10730
105791,10731
105830,10732
105865,10733
105891,10734
105893,10735
105914,10736
105920,10737
105927,10738
105931,10739
105941,10740
105948,10741
105975,10742
105977,10743
105993,10744
106005,10745
106015,10746
106056,10747
106089,10748
106108,10749
106130,10750
106158,10751
106160,10752
106195,10753
106199,10754
106205,10755
106227,10756
106228,10757
106232,10758
106251,10759
106257,10760
106262,10761
106298,10762
106321,10763
106333,10764
106334,10765
106335,10766
106369,10767
106371,10768
106379,10769
106384,10770
106395,10771
106430,10772
106434,10773
106460,10774
106465,10775
106467,10776
106499,10777
106510,10778
106515,10779
106542,10780
106555,10781
106571,10782
106595,10783
106606,10784
106611,10785
106614,10786
106618,10787
106627,10788
106633,10789
106640,10790
106641,10791
106650,10792
106666,10793
106668,10794
106670,10795
106693,10796
106715,10797
106732,10798
106753,10799
106757,10800
106759,10801
106773,10802
106777,10803
106790,10804
106809,10805
106811,10806
106825,10807
106826,10808
106830,10809
106850,10810
106853,10811
106872,10812
106873,10813
106888,10814
106899,10815
106952,10816
106966,10817
106969,10818
106970,10819
106986,10820
106996,10821
107000,10822
107048,10823
107059,10824
107072,10825
107077,10826
107101,10827
107123,10828
107133,10829
107142,10830
107144,10831
107146,10832
107165,10833
107166,10834
107190,10835
107198,10836
107205,10837
107235,10838
107239,10839
107267,10840
107268,10841
107271,10842
107273,10843
107281,10844
107317,10845
107353,10846
107356,10847
107358,10848
107359,10849
107369,10850
107376,10851
107384,10852
107408,10853
107411,10854
107419,10855
107421,10856
107440,10857
107443,10858
107444,10859
107476,10860
107477,10861
107500,10862
107543,10863
107544,10864
107546,10865
107570,10866
107575,10867
107594,10868
107595,10869
107604,10870
107608,10871
107619,10872
107621,10873
107639,10874
107643,10875
107646,10876
107652,10877
107674,10878
107684,10879
107697,10880
107712,10881
107726,10882
107728,10883
107740,10884
107749,10885
107760,10886
107771,10887
107774,10888
107779,10889
107784,10890
107786,10891
107796,10892
107824,10893
107832,10894
107837,10895
107841,10896
107864,10897
107868,10898
107869,10899
107885,10900
107890,10901
107919,10902
107927,10903
107933,10904
107968,10905
107973,10906
107978,10907
107983,10908
107986,10909
107987,10910
107997,10911
108001,10912
108018,10913
108038,10914
108050,10915
108059,10916
108068,10917
108072,10918
108084,10919
108105,10920
108124,10921
108167,10922
108172,10923
108195,10924
108201,10925
108209,10926
108231,10927
108234,10928
108241,10929
108248,10930
108253,10931
108262,10932
108265,10933
108277,10934
108298,10935
108310,10936
108330,10937
108339,10938
108364,10939
108383,10940
108397,10941
108401,10942
108407,10943
108409,10944
108447,10945
108450,10946
108452,10947
108460,10948
108462,10949
108467,10950
108477,10951
108492,10952
108497,10953
108512,10954
108522,10955
108524,10956
108551,10957
108555,10958
108564,10959
108572,10960
108574,10961
108579,10962
108580,10963
108601,10964
108615,10965
108616,10966
108651,10967
108670,10968
108685,10969
108695,10970
108714,10971
108721,10972
108769,10973
108775,10974
108778,10975
108785,10976
108787,10977
108804,10978
108808,10979
108819,10980
108821,10981
108851,10982
108852,10983
108893,10984
108901,10985
108905,10986
108908,10987
108920,10988
108925,10989
108926,10990
108931,10991
108936,10992
108939,10993
108943,10994
108947,10995
108948,10996
108955,10997
109002,10998
109006,10999
109015,11000
109020,11001
109023,11002
109036,11003
109053,11004
109066,11005
109070,11006
109097,11007
109140,11008
109146,11009
109159,11010
109163,11011
109177,11012
109181,11013
109206,11014
109220,11015
109222,11016
109233,11017
109246,11018
109264,11019
109273,11020
109283,11021
109287,11022
109288,11023
109295,11024
109304,11025
109308,11026
109314,11027
109322,11028
109328,11029
109330,11030
109337,11031
109347,11032
109348,11033
109369,11034
109385,11035
109387,11036
109393,11037
109401,11038
109408,11039
109416,11040
109418,11041
109423,11042
109448,11043
109454,11044
109478,11045
109481,11046
109488,11047
109493,11048
109503,11049
109514,11050
109523,11051
109525,11052
109536,11053
109537,11054
109544,11055
109547,11056
109555,11057
109569,11058
109576,11059
109577,11060
109581,11061
109587,11062
109597,11063
109607,11064
109617,11065
109618,11066
109619,11067
109637,11068
109638,11069
109653,11070
109655,11071
109658,11072
109681,11073
109685,11074
109690,11075
109699,11076
109700,11077
109716,11078
109728,11079
109737,11080
109741,11081
109755,11082
109764,11083
109767,11084
109785,11085
109807,11086
109817,11087
109825,11088
109880,11089
109884,11090
109891,11091
109898,11092
109899,11093
109943,11094
109993,11095
110014,11096
110024,11097
110039,11098
110040,11099
110043,11100
110047,11101
110064,11102
110067,11103
110071,11104
110076,11105
110077,11106
110078,11107
110079,11108
110084,11109
110111,11110
110139,11111
110140,11112
110156,11113
110160,11114
110173,11115
110195,11116
110201,11117
110205,11118
110216,11119
110223,11120
110229,11121
110242,11122
110263,11123
110271,11124
110299,11125
110329,11126
110331,11127
110343,11128
110397,11129
110408,11130
110421,11131
110448,11132
110458,11133
110479,11134
110480,11135
110493,11136
110496,11137
110505,11138
110506,11139
110514,11140
110546,11141
110548,11142
110569,11143
110593,11144
110601,11145
110604,11146
110611,11147
110619,11148
110624,11149
110626,11150
110635,11151
110646,11152
110650,11153
110659,11154
110671,11155
110683,11156
110686,11157
110710,11158
110718,11159
110733,11160
110734,11161
110743,11162
110768,11163
110790,11164
110801,11165
110806,11166
110813,11167
110825,11168
110846,11169
110855,11170
110878,11171
110888,11172
110910,11173
110916,11174
110925,11175
110930,11176
110934,11177
110936,11178
110937,11179
110938,11180
110939,11181
110944,11182
110946,11183
110961,11184
110977,11185
110984,11186
111012,11187
111036,11188
111044,11189
111062,11190
111063,11191
111066,11192
111103,11193
111107,11194
111128,11195
111131,11196
111151,11197
111154,11198
111169,11199
111195,11200
111200,11201
111205,11202
111212,11203
111230,11204
111231,11205
111257,11206
111276,11207
111280,11208
111372,11209
111380,11210
111393,11211
111408,11212
111413,11213
111434,11214
111444,11215
111450,11216
111461,11217
111462,11218
111473,11219
111502,11220
111514,11221
111538,11222
111552,11223
111558,11224
111575,11225
111592,11226
111605,11227
111630,11228
111645,11229
111650,11230
111652,11231
111662,11232
111728,11233
111734,11234
111746,11235
111758,11236
111774,11237
111776,11238
111777,11239
111778,11240
111787,11241
111797,11242
111829,11243
111838,11244
111839,11245
111865,11246
111868,11247
111894,11248
111897,11249
111898,11250
111949,11251
111976,11252
112018,11253
112062,11254
112074,11255
112096,11256
112133,11257
112136,11258
112180,11259
112211,11260
112215,11261
112246,11262
112259,11263
112260,11264
112299,11265
112304,11266
112318,11267
112332,11268
112339,11269
112362,11270
112365,11271
112368,11272
112371,11273
112433,11274
112446,11275
112458,11276
112472,11277
112475,11278
112478,11279
112487,11280
112499,11281
112524,11282
112525,11283
112526,11284
112543,11285
112555,11286
112566,11287
112568,11288
112575,11289
112579,11290
112624,11291
112643,11292
112683,11293
112691,11294
112702,11295
112712,11296
112715,11297
112723,11298
112725,11299
112732,11300
112757,11301
112809,11302
112813,11303
112831,11304
112845,11305
112856,11306
112888,11307
112889,11308
112901,11309
112917,11310
112924,11311
112925,11312
112931,11313
112934,11314
112936,11315
112965,11316
112967,11317
112979,11318
113006,11319
113014,11320
113015,11321
113019,11322
113022,11323
113023,11324
113053,11325
113064,11326
113077,11327
113105,11328
113106,11329
113109,11330
113136,11331
113149,11332
113150,11333
113153,11334
113170,11335
113172,11336
113174,11337
113180,11338
113186,11339
113193,11340
113198,11341
113203,11342
113223,11343
113227,11344
113229,11345
113237,11346
113248,11347
113256,11348
113269,11349
113272,11350
113292,11351
113299,11352
113303,11353
113322,11354
113329,11355
113369,11356
113374,11357
113377,11358
113381,11359
113385,11360
113388,11361
113391,11362
113404,11363
113406,11364
113417,11365
113446,11366
113467,11367
113472,11368
113475,11369
113483,11370
113484,11371
113490,11372
113507,11373
113519,11374
113540,11375
113542,11376
113547,11377
113554,11378
113573,11379
113602,11380
113608,11381
113622,11382
113637,11383
113639,11384
113651,11385
113661,11386
113684,11387
113697,11388
113707,11389
113729,11390
113736,11391
113750,11392
113751,11393
113771,11394
113772,11395
113815,11396
113817,11397
113835,11398
113840,11399
113851,11400
113853,11401
113861,11402
113884,11403
113914,11404
113930,11405
113979,11406
113983,11407
113993,11408
114001,11409
114019,11410
114029,11411
114032,11412
114052,11413
114063,11414
114080,11415
114102,11416
114210,11417
114215,11418
114217,11419
114247,11420
114262,11421
114271,11422
114272,11423
114275,11424
114291,11425
114294,11426
114296,11427
114298,11428
114311,11429
114320,11430
114360,11431
114373,11432
114385,11433
114391,11434
114392,11435
114397,11436
114406,11437
114412,11438
114422,11439
114436,11440
114445,11441
114477,11442
114487,11443
114506,11444
114514,11445
114556,11446
114557,11447
114558,11448
114562,11449
114565,11450
114570,11451
114575,11452
114580,11453
114602,11454
114616,11455
114638,11456
114679,11457
114707,11458
114709,11459
114719,11460
114726,11461
114749,11462
114789,11463
114816,11464
114822,11465
114832,11466
114848,11467
114852,11468
114853,11469
114863,11470
114893,11471
114907,11472
114950,11473
114956,11474
114993,11475
115001,11476
115005,11477
115014,11478
115026,11479
115028,11480
115035,11481
115063,11482
115068,11483
115073,11484
115074,11485
115086,11486
115100,11487
115110,11488
115119,11489
115129,11490
115150,11491
115153,11492
115160,11493
115175,11494
115208,11495
115220,11496
115258,11497
115261,11498
115276,11499
115278,11500
115291,11501
115292,11502
115335,11503
115372,11504
115381,11505
115391,11506
115392,11507
115415,11508
115420,11509
115423,11510
115432,11511
115503,11512
115553,11513
115557,11514
115565,11515
115609,11516
115628,11517
115633,11518
115656,11519
115660,11520
115676,11521
115678,11522
115742,11523
115743,11524
115767,11525
115809,11526
115849,11527
115929,11528
115954,11529
116029,11530
116046,11531
116053,11532
116054,11533
116098,11534
116119,11535
116131,11536
116152,11537
116169,11538
116173,11539
116181,11540
116185,11541
116193,11542
116195,11543
116205,11544
116208,11545
116223,11546
116224,11547
116231,11548
116236,11549
116242,11550
116249,11551
116256,11552
116266,11553
116269,11554
116272,11555
116299,11556
116324,11557
116367,11558
116379,11559
116382,11560
116402,11561
116406,11562
116412,11563
116434,11564
116436,11565
116439,11566
116453,11567
116476,11568
116484,11569
116488,11570
116491,11571
116492,11572
116536,11573
116594,11574
116597,11575
116610,11576
116625,11577
116639,11578
116648,11579
116655,11580
116695,11581
116718,11582
116719,11583
116767,11584
116781,11585
116814,11586
116815,11587
116820,11588
116821,11589
116829,11590
116839,11591
116849,11592
116851,11593
116878,11594
116879,11595
116882,11596
116884,11597
116887,11598
116903,11599
116906,11600
116919,11601
116926,11602
116930,11603
116960,11604
116971,11605
116976,11606
116989,11607
116992,11608
116996,11609
116998,11610
117015,11611
117019,11612
117021,11613
117023,11614
117026,11615
117031,11616
117045,11617
117061,11618
117106,11619
117153,11620
117157,11621
117167,11622
117194,11623
117211,11624
117226,11625
117229,11626
117255,11627
117281,11628
117297,11629
117317,11630
117321,11631
117322,11632
117340,11633
117370,11634
117372,11635
117376,11636
117388,11637
117404,11638
117412,11639
117424,11640
117455,11641
117472,11642
117496,11643
117501,11644
117502,11645
117503,11646
117510,11647
117517,11648
117520,11649
117521,11650
117523,11651
117532,11652
117556,11653
117565,11654
117570,11655
117604,11656
117641,11657
117645,11658
117677,11659
117686,11660
117776,11661
117874,11662
117881,11663
117891,11664
117892,11665
117923,11666
117941,11667
117944,11668
117969,11669
117988,11670
118005,11671
118010,11672
118027,11673
118030,11674
118047,11675
118060,11676
118069,11677
118072,11678
118080,11679
118112,11680
118116,11681
118140,11682
118145,11683
118182,11684
118199,11685
118236,11686
118242,11687
118258,11688
118281,11689
118285,11690
118325,11691
118358,11692
118360,11693
118362,11694
118373,11695
118398,11696
118404,11697
118409,11698
118450,11699
118475,11700
118477,11701
118487,11702
118545,11703
118657,11704
118680,11705
118735,11706
118761,11707
118768,11708
118784,11709
118787,11710
118821,11711
118825,11712
118826,11713
118828,11714
118851,11715
118852,11716
118869,11717
118880,11718
118885,11719
118905,11720
118922,11721
118932,11722
118951,11723
118956,11724
118966,11725
118995,11726
118996,11727
119014,11728
119022,11729
119023,11730
119032,11731
119045,11732
119065,11733
119068,11734
119084,11735
119091,11736
119092,11737
119094,11738
119096,11739
119097,11740
119124,11741
119152,11742
119158,11743
119178,11744
119192,11745
119216,11746
119219,11747
119221,11748
119255,11749
119258,11750
119268,11751
119289,11752
119373,11753
119415,11754
119417,11755
119430,11756
119449,11757
119461,11758
119490,11759
119502,11760
119526,11761
119540,11762
119541,11763
119544,11764
119557,11765
119558,11766
119562,11767
119586,11768
119601,11769
119611,11770
119643,11771
119661,11772
119678,11773
119679,11774
119682,11775
119685,11776
119724,11777
119732,11778
119749,11779
119804,11780
119887,11781
119953,11782
119995,11783
120068,11784
120072,11785
120106,11786
120149,11787
120175,11788
120199,11789
120220,11790
120317,11791
120325,11792
120330,11793
120343,11794
120347,11795
120351,11796
120371,11797
120375,11798
120381,11799
120390,11800
120413,11801
120416,11802
120418,11803
120423,11804
120426,11805
120444,11806
120459,11807
120465,11808
120467,11809
120476,11810
120479,11811
120480,11812
120492,11813
120513,11814
120517,11815
120519,11816
120530,11817
120534,11818
120547,11819
120602,11820
120636,11821
120644,11822
120667,11823
120670,11824
120677,11825
120680,11826
120681,11827
120745,11828
120753,11829
120755,11830
120790,11831
120800,11832
120806,11833
120810,11834
120813,11835
120815,11836
120832,11837
120835,11838
120838,11839
120847,11840
120856,11841
120914,11842
120915,11843
120919,11844
120937,11845
120968,11846
120971,11847
121011,11848
121031,11849
121038,11850
121045,11851
121064,11852
121066,11853
121078,11854
121086,11855
121093,11856
121137,11857
121200,11858
121202,11859
121207,11860
121214,11861
121258,11862
121265,11863
121266,11864
121267,11865
121271,11866
121276,11867
121279,11868
121281,11869
121287,11870
121307,11871
121338,11872
121399,11873
121412,11874
121413,11875
121423,11876
121456,11877
121461,11878
121467,11879
121490,11880
121491,11881
121498,11882
121513,11883
121516,11884
121546,11885
121582,11886
121583,11887
121586,11888
121588,11889
121682,11890
121686,11891
121703,11892
121714,11893
121747,11894
121770,11895
121780,11896
121781,11897
121785,11898
121799,11899
121807,11900
121823,11901
121826,11902
121838,11903
121840,11904
121848,11905
121853,11906
121870,11907
121891,11908
121897,11909
121918,11910
121923,11911
121935,11912
121941,11913
121957,11914
121959,11915
121965,11916
121972,11917
121984,11918
122012,11919
122021,11920
122032,11921
122046,11922
122067,11923
122086,11924
122103,11925
122139,11926
122143,11927
122151,11928
122193,11929
122218,11930
122260,11931
122289,11932
122398,11933
122401,11934
122412,11935
122416,11936
122449,11937
122457,11938
122481,11939
122515,11940
122531,11941
122554,11942
122568,11943
122587,11944
122636,11945
122686,11946
122687,11947
122757,11948
122766,11949
122785,11950
122804,11951
122838,11952
122848,11953
122873,11954
122878,11955
122910,11956
122919,11957
122928,11958
122939,11959
122968,11960
123012,11961
123047,11962
123057,11963
123089,11964
123101,11965
123104,11966
123107,11967
123111,11968
123119,11969
123129,11970
123142,11971
123169,11972
123240,11973
123243,11974
123278,11975
123285,11976
123287,11977
123316,11978
123402,11979
123403,11980
123406,11981
123417,11982
123428,11983
123438,11984
123439,11985
123454,11986
123468,11987
123473,11988
123477,11989
123479,11990
123503,11991
123504,11992
123512,11993
123522,11994
123538,11995
123544,11996
123545,11997
123565,11998
123578,11999
123588,12000
123599,12001
123602,12002
123622,12003
123630,12004
123658,12005
123665,12006
123708,12007
123710,12008
123769,12009
123775,12010
123779,12011
123800,12012
123809,12013
123813,12014
123820,12015
123832,12016
123835,12017
123854,12018
123859,12019
123901,12020
123915,12021
123919,12022
123920,12023
123945,12024
123983,12025
123993,12026
123999,12027
124054,12028
124056,12029
124075,12030
124093,12031
124123,12032
124132,12033
124149,12034
124155,12035
124157,12036
124163,12037
124172,12038
124176,12039
124184,12040
124192,12041
124200,12042
124213,12043
124215,12044
124230,12045
124237,12046
124248,12047
124259,12048
124269,12049
124290,12050
124297,12051
124315,12052
124324,12053
124335,12054
124336,12055
124337,12056
124342,12057
124372,12058
124382,12059
124395,12060
124413,12061
124466,12062
124608,12063
124610,12064
124613,12065
124617,12066
124623,12067
124648,12068
124658,12069
124666,12070
124687,12071
124781,12072
124807,12073
124810,12074
124830,12075
124863,12076
124868,12077
124900,12078
124902,12079
124908,12080
124909,12081
124958,12082
124968,12083
124975,12084
124978,12085
125021,12086
125027,12087
125034,12088
125046,12089
125063,12090
125114,12091
125116,12092
125120,12093
125127,12094
125152,12095
125195,12096
125209,12097
125305,12098
125382,12099
125399,12100
125421,12101
125453,12102
125477,12103
125478,12104
125487,12105
125496,12106
125499,12107
125505,12108
125506,12109
125511,12110
125515,12111
125519,12112
125530,12113
125543,12114
125580,12115
125603,12116
125618,12117
125633,12118
125662,12119
125663,12120
125687,12121
125723,12122
125726,12123
125727,12124
125733,12125
125735,12126
125740,12127
125750,12128
125764,12129
125799,12130
125814,12131
125832,12132
125838,12133
125850,12134
125861,12135
125873,12136
125897,12137
125898,12138
125908,12139
125957,12140
125960,12141
125961,12142
125978,12143
125986,12144
126014,12145
126020,12146
126035,12147
126039,12148
126070,12149
126082,12150
126128,12151
126129,12152
126137,12153
126158,12154
126166,12155
126193,12156
126219,12157
126226,12158
126230,12159
126232,12160
126235,12161
126236,12162
126237,12163
126259,12164
126279,12165
126311,12166
126355,12167
126396,12168
126436,12169
126443,12170
126445,12171
126463,12172
126480,12173
126488,12174
126492,12175
126538,12176
126573,12177
126578,12178
126580,12179
126611,12180
126623,12181
126653,12182
126673,12183
126687,12184
126689,12185
126690,12186
126692,12187
126697,12188
126710,12189
126728,12190
126744,12191
126789,12192
126865,12193
126930,12194
126936,12195
126978,12196
126982,12197
126997,12198
127014,12199
127016,12200
127029,12201
127039,12202
127053,12203
127058,12204
127066,12205
127083,12206
127110,12207
127150,12208
127172,12209
127186,12210
127200,12211
127202,12212
127255,12213
127262,12214
127269,12215
127295,12216
127331,12217
127333,12218
127444,12219
127497,12220
127505,12221
127528,12222
127614,12223
127623,12224
127652,12225
127684,12226
127724,12227
127740,12228
127742,12229
127752,12230
127798,12231
127820,12232
127838,12233
127858,12234
127868,12235
127872,12236
127879,12237
127929,12238
127950,12239
127958,12240
127961,12241
128046,12242
128060,12243
128094,12244
128098,12245
128121,12246
128132,12247
128153,12248
128222,12249
128237,12250
128245,12251
128248,12252
128256,12253
128257,12254
128269,12255
128292,12256
128297,12257
128343,12258
128348,12259
128373,12260
128380,12261
128394,12262
128428,12263
128435,12264
128439,12265
128450,12266
128456,12267
128466,12268
128476,12269
128494,12270
128498,12271
128501,12272
128503,12273
128513,12274
128519,12275
128543,12276
128560,12277
128566,12278
128577,12279
128597,12280
128612,12281
128617,12282
128634,12283
128637,12284
128640,12285
128646,12286
128648,12287
128667,12288
128679,12289
128689,12290
128690,12291
128732,12292
128736,12293
128746,12294
128796,12295
128799,12296
128804,12297
128806,12298
128810,12299
128829,12300
128848,12301
128858,12302
128901,12303
128949,12304
128952,12305
128956,12306
128959,12307
128989,12308
129025,12309
129040,12310
129041,12311
129042,12312
129061,12313
129087,12314
129104,12315
129168,12316
129200,12317
129203,12318
129250,12319
129255,12320
129263,12321
129278,12322
129329,12323
129330,12324
129345,12325
129353,12326
129403,12327
129408,12328
129438,12329
129504,12330
129533,12331
129556,12332
129598,12333
129603,12334
129615,12335
129648,12336
129670,12337
129706,12338
129762,12339
129764,12340
129807,12341
129838,12342
129841,12343
129855,12344
129862,12345
129876,12346
129896,12347
129906,12348
129925,12349
129926,12350
129930,12351
129937,12352
129945,12353
129971,12354
129984,12355
129996,12356
130019,12357
130023,12358
130042,12359
130046,12360
130050,12361
130052,12362
130055,12363
130073,12364
130081,12365
130102,12366
130155,12367
130184,12368
130223,12369
130244,12370
130251,12371
130268,12372
130295,12373
130301,12374
130398,12375
130410,12376
130446,12377
130464,12378
130515,12379
130520,12380
130525,12381
130540,12382
130557,12383
130567,12384
130569,12385
130586,12386
130588,12387
130623,12388
130631,12389
130633,12390
130653,12391
130664,12392
130707,12393
130740,12394
130753,12395
130769,12396
130770,12397
130781,12398
130785,12399
130793,12400
130815,12401
130826,12402
130829,12403
130845,12404
130851,12405
130868,12406
130875,12407
130886,12408
130911,12409
130916,12410
130918,12411
130925,12412
130941,12413
130943,12414
130945,12415
130952,12416
130975,12417
131018,12418
131020,12419
131044,12420
131054,12421
131055,12422
131058,12423
131062,12424
131075,12425
131082,12426
131090,12427
131091,12428
131093,12429
131163,12430
131168,12431
131169,12432
131176,12433
131185,12434
131203,12435
131206,12436
131210,12437
131230,12438
131246,12439
131249,12440
131270,12441
131271,12442
131300,12443
131346,12444
131354,12445
131365,12446
131426,12447
131427,12448
131428,12449
131436,12450
131459,12451
131477,12452
131505,12453
131528,12454
131535,12455
131582,12456
131602,12457
131607,12458
131628,12459
131639,12460
131648,12461
131649,12462
131662,12463
131767,12464
131772,12465
131784,12466
131824,12467
131829,12468
131841,12469
131844,12470
131871,12471
131895,12472
131899,12473
131910,12474
131916,12475
131941,12476
131954,12477
131961,12478
131968,12479
131971,12480
131973,12481
131974,12482
131988,12483
131993,12484
132001,12485
132005,12486
132028,12487
132032,12488
132042,12489
132049,12490
132052,12491
132083,12492
132093,12493
132173,12494
132202,12495
132220,12496
132249,12497
132261,12498
132263,12499
132290,12500
132291,12501
132330,12502
132334,12503
132351,12504
132352,12505
132353,12506
132355,12507
132359,12508
132397,12509
132407,12510
132409,12511
132411,12512
132446,12513
132450,12514
132453,12515
132469,12516
132488,12517
132511,12518
132518,12519
132535,12520
132546,12521
132551,12522
132583,12523
132620,12524
132636,12525
132645,12526
132659,12527
132680,12528
132756,12529
132757,12530
132764,12531
132765,12532
132849,12533
132916,12534
132932,12535
132933,12536
132983,12537
132985,12538
133022,12539
133030,12540
133054,12541
133058,12542
133062,12543
133080,12544
133091,12545
133092,12546
133106,12547
133124,12548
133133,12549
133156,12550
133239,12551
133272,12552
133281,12553
133293,12554
133295,12555
133308,12556
133320,12557
133329,12558
133358,12559
133368,12560
133377,12561
133387,12562
133416,12563
133427,12564
133436,12565
133448,12566
133469,12567
133475,12568
133480,12569
133511,12570
133513,12571
133524,12572
133526,12573
133532,12574
133547,12575
133554,12576
133563,12577
133585,12578
133612,12579
133624,12580
133669,12581
133675,12582
133699,12583
133701,12584
133718,12585
133733,12586
133751,12587
133760,12588
133767,12589
133784,12590
133811,12591
133816,12592
133817,12593
133818,12594
133821,12595
133826,12596
133828,12597
133842,12598
133851,12599
133877,12600
133900,12601
133901,12602
133902,12603
133908,12604
133911,12605
133914,12606
133928,12607
133941,12608
133951,12609
133959,12610
133993,12611
133998,12612
134022,12613
134023,12614
134043,12615
134051,12616
134053,12617
134057,12618
134061,12619
134101,12620
134118,12621
134125,12622
134128,12623
134147,12624
134152,12625
134153,12626
134185,12627
134186,12628
134192,12629
134219,12630
134245,12631
134248,12632
134270,12633
134281,12634
134290,12635
134316,12636
134349,12637
134360,12638
134397,12639
134402,12640
134453,12641
134466,12642
134470,12643
134475,12644
134486,12645
134501,12646
134513,12647
134574,12648
134577,12649
134579,12650
134612,12651
134615,12652
134617,12653
134627,12654
134652,12655
134655,12656
134688,12657
134725,12658
134738,12659
134739,12660
134741,12661
134757,12662
134765,12663
134775,12664
134777,12665
134779,12666
134781,12667
134784,12668
134789,12669
134815,12670
134820,12671
134831,12672
134854,12673
134856,12674
134871,12675
134873,12676
134877,12677
134899,12678
134907,12679
134924,12680
134937,12681
134939,12682
134944,12683
134945,12684
134946,12685
134951,12686
134955,12687
134963,12688
134965,12689
134973,12690
134974,12691
134979,12692
134987,12693
134989,12694
134997,12695
135040,12696
135048,12697
135050,12698
135053,12699
135070,12700
135088,12701
135089,12702
135100,12703
135104,12704
135115,12705
135116,12706
135123,12707
135124,12708
135141,12709
135151,12710
135198,12711
135201,12712
135210,12713
135215,12714
135233,12715
135263,12716
135272,12717
135281,12718
135297,12719
135302,12720
135323,12721
135330,12722
135341,12723
135346,12724
135349,12725
135350,12726
135366,12727
135379,12728
135383,12729
135387,12730
135390,12731
135392,12732
135394,12733
135402,12734
135416,12735
135452,12736
135453,12737
135455,12738
135477,12739
135485,12740
135496,12741
135509,12742
135517,12743
135524,12744
135544,12745
135577,12746
135582,12747
135585,12748
135619,12749
135640,12750
135647,12751
135648,12752
135657,12753
135660,12754
135662,12755
135664,12756
135671,12757
135673,12758
135687,12759
135700,12760
135706,12761
135723,12762
135725,12763
135735,12764
135748,12765
135753,12766
135772,12767
135773,12768
135802,12769
135814,12770
135822,12771
135831,12772
135850,12773
135856,12774
135868,12775
135870,12776
135873,12777
135874,12778
135879,12779
135894,12780
135918,12781
135930,12782
135931,12783
135934,12784
135988,12785
135994,12786
135997,12787
136012,12788
136013,12789
136026,12790
136054,12791
136057,12792
136060,12793
136062,12794
136091,12795
136121,12796
136125,12797
136204,12798
136258,12799
136265,12800
136289,12801
136292,12802
136322,12803
136330,12804
136338,12805
136345,12806
136368,12807
136381,12808
136382,12809
136429,12810
136440,12811
136470,12812
136493,12813
136498,12814
136522,12815
136535,12816
136537,12817
136548,12818
136550,12819
136552,12820
136589,12821
136616,12822
136622,12823
136627,12824
136629,12825
136653,12826
136681,12827
136711,12828
136723,12829
136746,12830
136751,12831
136764,12832
136776,12833
136817,12834
136822,12835
136829,12836
136834,12837
136853,12838
136864,12839
136870,12840
136881,12841
136901,12842
136915,12843
136923,12844
136955,12845
136957,12846
136973,12847
136977,12848
136981,12849
136983,12850
136990,12851
137007,12852
137011,12853
137014,12854
137030,12855
137036,12856
137037,12857
137064,12858
137067,12859
137111,12860
137135,12861
137136,12862
137142,12863
137143,12864
137144,12865
137162,12866
137164,12867
137204,12868
137211,12869
137227,12870
137253,12871
137262,12872
137279,12873
137287,12874
137303,12875
137321,12876
137322,12877
137323,12878
137324,12879
137331,12880
137344,12881
137345,12882
137355,12883
137364,12884
137370,12885
137380,12886
137393,12887
137426,12888
137451,12889
137469,12890
137477,12891
137505,12892
137530,12893
137542,12894
137562,12895
137575,12896
137609,12897
137627,12898
137629,12899
137630,12900
137635,12901
137647,12902
137695,12903
137710,12904
137711,12905
137724,12906
137725,12907
137744,12908
137811,12909
137828,12910
137829,12911
137847,12912
137858,12913
137860,12914
137861,12915
137879,12916
137901,12917
137923,12918
137948,12919
137950,12920
137956,12921
137962,12922
137970,12923
137971,12924
138062,12925
138082,12926
138100,12927
138101,12928
138106,12929
138109,12930
138110,12931
138115,12932
138131,12933
138136,12934
138138,12935
138140,12936
138163,12937
138173,12938
138185,12939
138239,12940
138260,12941
138288,12942
138291,12943
138297,12944
138305,12945
138306,12946
138314,12947
138316,12948
138317,12949
138330,12950
138331,12951
138356,12952
138357,12953
138369,12954
138385,12955
138418,12956
138437,12957
138440,12958
138447,12959
138459,12960
138480,12961
138483,12962
138513,12963
138528,12964
138566,12965
138620,12966
138629,12967
138631,12968
138647,12969
138649,12970
138691,12971
138701,12972
138702,12973
138703,12974
138705,12975
138708,12976
138728,12977
138760,12978
138774,12979
138782,12980
138804,12981
138810,12982
138814,12983
138832,12984
138972,12985
138983,12986
138994,12987
139060,12988
139167,12989
139170,12990
139174,12991
139179,12992
139211,12993
139212,12994
139213,12995
139227,12996
139229,12997
139243,12998
139248,12999
139283,13000
139298,13001
139314,13002
139353,13003
139357,13004
139372,13005
139406,13006
139412,13007
139436,13008
139437,13009
139499,13010
139500,13011
139511,13012
139518,13013
139539,13014
139555,13015
139579,13016
139612,13017
139619,13018
139639,13019
139664,13020
139668,13021
139670,13022
139694,13023
139735,13024
139755,13025
139769,13026
139797,13027
139812,13028
139831,13029
139868,13030
139883,13031
139885,13032
139893,13033
139901,13034
139902,13035
139918,13036
139969,13037
139975,13038
139986,13039
139988,13040
139989,13041
140005,13042
140006,13043
140032,13044
140038,13045
140047,13046
140050,13047
140088,13048
140099,13049
140108,13050
140136,13051
140142,13052
140146,13053
140150,13054
140151,13055
140179,13056
140194,13057
140196,13058
140199,13059
140213,13060
140223,13061
140245,13062
140247,13063
140249,13064
140250,13065
140261,13066
140284,13067
140322,13068
140340,13069
140369,13070
140376,13071
140394,13072
140411,13073
140432,13074
140434,13075
140438,13076
140452,13077
140466,13078
140486,13079
140492,13080
140507,13081
140524,13082
140558,13083
140559,13084
140595,13085
140606,13086
140614,13087
140618,13088
140646,13089
140679,13090
140689,13091
140691,13092
140700,13093
140706,13094
140744,13095
140754,13096
140763,13097
140770,13098
140771,13099
140773,13100
140835,13101
140836,13102
140839,13103
140846,13104
140848,13105
140852,13106
140868,13107
140878,13108
140897,13109
140915,13110
140924,13111
140928,13112
140934,13113
140936,13114
140988,13115
140991,13116
140999,13117
141003,13118
141038,13119
141053,13120
141122,13121
141130,13122
141151,13123
141155,13124
141179,13125
141225,13126
141287,13127
141290,13128
141308,13129
141309,13130
141337,13131
141353,13132
141367,13133
141371,13134
141385,13135
141395,13136
141402,13137
141428,13138
141429,13139
141435,13140
141437,13141
141443,13142
141457,13143
141469,13144
141488,13145
141490,13146
141497,13147
141522,13148
141549,13149
141568,13150
141601,13151
141637,13152
141647,13153
141651,13154
141653,13155
141679,13156
141703,13157
141733,13158
141780,13159
141789,13160
141790,13161
141796,13162
141807,13163
141842,13164
141849,13165
141880,13166
141888,13167
141902,13168
141928,13169
141942,13170
141949,13171
141965,13172
141973,13173
141983,13174
141988,13175
142001,13176
142002,13177
142006,13178
142017,13179
142029,13180
142061,13181
142062,13182
142065,13183
142066,13184
142068,13185
142069,13186
142115,13187
142201,13188
142210,13189
142212,13190
142231,13191
142232,13192
142253,13193
142257,13194
142264,13195
142287,13196
142288,13197
142314,13198
142326,13199
142346,13200
142363,13201
142376,13202
142387,13203
142464,13204
142472,13205
142490,13206
142524,13207
142542,13208
142563,13209
142609,13210
142739,13211
142748,13212
142783,13213
142807,13214
142820,13215
142823,13216
142860,13217
142909,13218
142927,13219
142958,13220
142998,13221
143003,13222
143011,13223
143043,13224
143045,13225
143109,13226
143126,13227
143188,13228
143199,13229
143207,13230
143225,13231
143230,13232
143249,13233
143254,13234
143292,13235
143307,13236
143338,13237
143344,13238
143395,13239
143494,13240
143496,13241
143498,13242
143499,13243
143504,13244
143544,13245
143547,13246
143570,13247
143581,13248
143598,13249
143615,13250
143640,13251
143674,13252
143681,13253
143690,13254
143719,13255
143731,13256
143736,13257
143754,13258
143773,13259
143794,13260
143798,13261
143802,13262
143845,13263
143854,13264
143862,13265
143866,13266
143874,13267
143877,13268
143882,13269
143892,13270
143936,13271
143945,13272
143958,13273
143968,13274
143976,13275
143991,13276
144067,13277
144131,13278
144141,13279
144142,13280
144144,13281
144148,13282
144169,13283
144172,13284
144176,13285
144179,13286
144195,13287
144215,13288
144220,13289
144224,13290
144232,13291
144236,13292
144256,13293
144301,13294
144349,13295
144352,13296
144439,13297
144494,13298
144500,13299
144509,13300
144537,13301
144544,13302
144573,13303
144623,13304
144625,13305
144626,13306
144639,13307
144652,13308
144716,13309
144728,13310
144746,13311
144778,13312
144780,13313
144823,13314
144825,13315
144826,13316
144837,13317
144905,13318
144909,13319
144926,13320
144962,13321
144963,13322
144969,13323
144970,13324
144984,13325
144990,13326
145024,13327
145027,13328
145034,13329
145038,13330
145046,13331
145064,13332
145115,13333
145125,13334
145147,13335
145150,13336
145155,13337
145165,13338
145168,13339
145212,13340
145221,13341
145256,13342
145287,13343
145312,13344
145325,13345
145346,13346
145355,13347
145366,13348
145375,13349
145383,13350
145385,13351
145402,13352
145408,13353
145411,13354
145444,13355
145464,13356
145470,13357
145478,13358
145496,13359
145500,13360
145573,13361
145591,13362
145628,13363
145678,13364
145705,13365
145728,13366
145747,13367
145889,13368
145911,13369
145930,13370
145935,13371
145936,13372
145965,13373
146012,13374
146022,13375
146036,13376
146037,13377
146043,13378
146049,13379
146058,13380
146092,13381
146098,13382
146119,13383
146140,13384
146160,13385
146183,13386
146187,13387
146195,13388
146196,13389
146201,13390
146220,13391
146236,13392
146320,13393
146325,13394
146339,13395
146361,13396
146371,13397
146372,13398
146373,13399
146394,13400
146414,13401
146427,13402
146435,13403
146467,13404
146492,13405
146524,13406
146538,13407
146549,13408
146555,13409
146558,13410
146563,13411
146579,13412
146591,13413
146597,13414
146664,13415
146683,13416
146700,13417
146703,13418
146709,13419
146712,13420
146713,13421
146732,13422
146750,13423
146753,13424
146763,13425
146768,13426
146830,13427
146856,13428
146868,13429
146894,13430
146932,13431
146944,13432
146970,13433
146972,13434
147029,13435
147033,13436
147065,13437
147073,13438
147103,13439
147141,13440
147142,13441
147148,13442
147154,13443
147156,13444
147160,13445
147161,13446
147175,13447
147211,13448
147237,13449
147243,13450
147254,13451
147262,13452
147286,13453
147326,13454
147335,13455
147355,13456
147361,13457
147381,13458
147382,13459
147391,13460
147394,13461
147425,13462
147427,13463
147438,13464
147440,13465
147441,13466
147444,13467
147458,13468
147461,13469
147469,13470
147494,13471
147496,13472
147497,13473
147533,13474
147551,13475
147554,13476
147559,13477
147610,13478
147615,13479
147621,13480
147644,13481
147645,13482
147650,13483
147653,13484
147671,13485
147728,13486
147754,13487
147767,13488
147782,13489
147796,13490
147797,13491
147803,13492
147812,13493
147816,13494
147856,13495
147859,13496
147876,13497
147882,13498
147910,13499
147933,13500
147957,13501
148001,13502
148007,13503
148012,13504
148018,13505
148022,13506
148024,13507
148031,13508
148039,13509
148060,13510
148068,13511
148123,13512
148138,13513
148152,13514
148172,13515
148178,13516
148197,13517
148215,13518
148225,13519
148231,13520
148242,13521
148251,13522
148284,13523
148303,13524
148319,13525
148320,13526
148327,13527
148343,13528
148347,13529
148399,13530
148409,13531
148418,13532
148424,13533
148440,13534
148446,13535
148447,13536
148484,13537
148513,13538
148522,13539
148547,13540
148553,13541
148600,13542
148607,13543
148615,13544
148619,13545
148628,13546
148632,13547
148641,13548
148648,13549
148688,13550
148786,13551
148790,13552
148807,13553
148885,13554
148899,13555
148903,13556
148918,13557
148921,13558
148927,13559
148951,13560
149006,13561
149026,13562
149038,13563
149088,13564
149104,13565
149110,13566
149120,13567
149134,13568
149182,13569
149199,13570
149207,13571
149210,13572
149252,13573
149257,13574
149284,13575
149323,13576
149328,13577
149348,13578
149356,13579
149360,13580
149363,13581
149376,13582
149395,13583
149428,13584
149438,13585
149460,13586
149476,13587
149483,13588
149509,13589
149532,13590
149540,13591
149547,13592
149574,13593
149627,13594
149632,13595
149675,13596
149748,13597
149761,13598
149774,13599
149780,13600
149823,13601
149886,13602
149890,13603
149931,13604
149952,13605
149981,13606
150023,13607
150046,13608
150081,13609
150131,13610
150137,13611
150167,13612
150202,13613
150207,13614
150212,13615
150219,13616
150342,13617
150361,13618
150380,13619
150384,13620
150458,13621
150473,13622
150485,13623
150490,13624
150499,13625
150591,13626
150614,13627
150653,13628
150670,13629
150684,13630
150699,13631
150739,13632
150754,13633
150759,13634
150764,13635
150765,13636
150800,13637
150802,13638
150807,13639
150809,13640
150810,13641
150850,13642
150863,13643
150875,13644
150879,13645
150887,13646
150898,13647
150928,13648
150985,13649
150987,13650
150990,13651
151003,13652
151029,13653
151060,13654
151090,13655
151134,13656
151143,13657
151146,13658
151153,13659
151177,13660
151187,13661
151189,13662
151190,13663
151215,13664
151220,13665
151232,13666
151234,13667
151292,13668
151301,13669
151328,13670
151380,13671
151384,13672
151388,13673
151401,13674
151406,13675
151474,13676
151502,13677
151541,13678
151563,13679
151584,13680
151594,13681
151604,13682
151630,13683
151701,13684
151727,13685
151732,13686
151740,13687
151779,13688
151785,13689
151788,13690
151791,13691
151829,13692
151854,13693
151899,13694
151915,13695
151943,13696
151944,13697
151955,13698
151956,13699
151957,13700
151959,13701
152058,13702
152072,13703
152107,13704
152116,13705
152136,13706
152161,13707
152207,13708
152211,13709
152218,13710
152235,13711
152248,13712
152251,13713
152259,13714
152283,13715
152284,13716
152322,13717
152334,13718
152337,13719
152347,13720
152352,13721
152367,13722
152371,13723
152400,13724
152405,13725
152412,13726
152413,13727
152433,13728
152439,13729
152441,13730
152465,13731
152508,13732
152519,13733
152532,13734
152534,13735
152539,13736
152542,13737
152553,13738
152596,13739
152653,13740
152673,13741
152687,13742
152693,13743
152703,13744
152707,13745
152713,13746
152717,13747
152719,13748
152728,13749
152742,13750
152772,13751
152814,13752
152815,13753
152834,13754
152860,13755
152865,13756
152898,13757
152903,13758
152921,13759
153042,13760
153062,13761
153063,13762
153070,13763
153075,13764
153153,13765
153159,13766
153163,13767
153223,13768
153235,13769
153253,13770
153305,13771
153343,13772
153348,13773
153350,13774
153375,13775
153446,13776
153448,13777
153449,13778
153508,13779
153539,13780
153540,13781
153542,13782
153569,13783
153579,13784
153590,13785
153616,13786
153632,13787
153642,13788
153647,13789
153663,13790
153714,13791
153756,13792
153761,13793
153788,13794
153800,13795
153812,13796
153851,13797
153855,13798
153877,13799
153889,13800
153891,13801
153915,13802
153953,13803
153955,13804
154024,13805
154029,13806
154050,13807
154065,13808
154101,13809
154126,13810
154129,13811
154133,13812
154139,13813
154142,13814
154224,13815
154225,13816
154235,13817
154242,13818
154267,13819
154293,13820
154304,13821
154330,13822
154348,13823
154351,13824
154356,13825
154360,13826
154368,13827
154384,13828
154388,13829
154400,13830
154432,13831
154452,13832
154461,13833
154465,13834
154477,13835
154485,13836
154537,13837
154549,13838
154551,13839
154576,13840
154635,13841
154636,13842
154640,13843
154641,13844
154715,13845
154719,13846
154776,13847
154785,13848
154804,13849
154884,13850
154898,13851
154918,13852
154996,13853
155008,13854
155017,13855
155018,13856
155021,13857
155044,13858
155047,13859
155100,13860
155116,13861
155183,13862
155186,13863
155203,13864
155226,13865
155231,13866
155240,13867
155248,13868
155290,13869
155324,13870
155342,13871
155356,13872
155359,13873
155369,13874
155375,13875
155392,13876
155430,13877
155442,13878
155444,13879
155458,13880
155480,13881
155485,13882
155496,13883
155553,13884
155564,13885
155565,13886
155575,13887
155580,13888
155590,13889
155604,13890
155605,13891
155616,13892
155629,13893
155658,13894
155669,13895
155674,13896
155686,13897
155699,13898
155731,13899
155744,13900
155754,13901
155801,13902
155831,13903
155837,13904
155945,13905
155959,13906
155963,13907
155966,13908
155988,13909
156049,13910
156071,13911
156082,13912
156101,13913
156123,13914
156140,13915
156270,13916
156275,13917
156280,13918
156311,13919
156332,13920
156337,13921
156341,13922
156348,13923
156444,13924
156506,13925
156543,13926
156586,13927
156590,13928
156595,13929
156633,13930
156634,13931
156725,13932
156745,13933
156824,13934
156833,13935
156851,13936
156881,13937
156900,13938
156908,13939
156946,13940
157031,13941
157032,13942
157068,13943
157170,13944
157176,13945
157208,13946
157239,13947
157241,13948
157270,13949
157343,13950
157385,13951
157410,13952
157475,13953
157479,13954
157517,13955
157549,13956
157578,13957
157589,13958
157593,13959
157671,13960
157732,13961
157746,13962
157808,13963
157841,13964
157875,13965
157876,13966
157881,13967
157897,13968
157960,13969
157964,13970
158087,13971
158156,13972
158206,13973
158279,13974
158283,13975
158292,13976
158333,13977
158342,13978
158349,13979
158351,13980
158372,13981
158428,13982
158453,13983
158469,13984
158490,13985
158508,13986
158532,13987
158540,13988
158546,13989
158591,13990
158611,13991
158633,13992
158634,13993
158643,13994
158648,13995
158671,13996
158701,13997
158734,13998
158778,13999
158809,14000
158832,14001
158838,14002
158915,14003
158977,14004
159032,14005
159040,14006
159073,14007
159099,14008
159179,14009
159238,14010
159239,14011
159252,14012
159253,14013
159268,14014
159270,14015
159272,14016
159273,14017
159327,14018
159346,14019
159348,14020
159349,14021
159382,14022
159419,14023
159455,14024
159563,14025
159576,14026
159612,14027
159619,14028
159633,14029
159787,14030
159788,14031
159837,14032
159839,14033
159851,14034
159877,14035
159894,14036
159900,14037
159911,14038
159958,14039
159963,14040
159983,14041
160089,14042
160158,14043
160174,14044
160194,14045
160202,14046
160291,14047
160307,14048
160323,14049
160338,14050
160379,14051
160383,14052
160384,14053
160390,14054
160393,14055
160394,14056
160405,14057
160408,14058
160413,14059
160417,14060
160424,14061
160432,14062
160433,14063
160446,14064
160457,14065
160483,14066
160564,14067
160607,14068
160625,14069
160671,14070
160798,14071
160873,14072
160925,14073
160968,14074
161012,14075
161022,14076
161043,14077
161198,14078
161205,14079
161212,14080
161226,14081
161227,14082
161324,14083
161330,14084
161334,14085
161335,14086
161340,14087
161343,14088
161356,14089
161360,14090
161364,14091
161366,14092
161370,14093
161381,14094
161382,14095
161384,14096
161390,14097
161393,14098
161399,14099
161411,14100
161440,14101
161449,14102
161457,14103
161522,14104
161530,14105
161578,14106
161589,14107
161680,14108
161704,14109
161751,14110
161779,14111
161826,14112
161828,14113
161835,14114
161844,14115
161852,14116
161909,14117
161972,14118
161980,14119
162007,14120
162011,14121
162119,14122
162138,14123
162173,14124
162190,14125
162194,14126
162213,14127
162218,14128
162298,14129
162300,14130
162319,14131
162332,14132
162379,14133
162382,14134
162383,14135
162386,14136
162387,14137
162392,14138
162393,14139
162414,14140
162425,14141
162488,14142
162532,14143
162557,14144
162686,14145
162688,14146
162722,14147
162736,14148
162765,14149
162816,14150
162821,14151
162841,14152
162853,14153
162864,14154
162873,14155
162894,14156
162895,14157
162898,14158
162913,14159
162944,14160
162961,14161
162997,14162
162998,14163
163033,14164
163034,14165
163079,14166
163124,14167
163135,14168
163154,14169
163204,14170
163220,14171
163292,14172
163297,14173
163311,14174
163320,14175
163356,14176
163358,14177
163419,14178
163429,14179
163484,14180
163549,14181
163555,14182
163565,14183
163595,14184
163619,14185
163665,14186
163666,14187
163672,14188
163705,14189
163724,14190
163755,14191
163788,14192
163792,14193
163846,14194
163853,14195
163922,14196
163949,14197
163971,14198
163994,14199
163995,14200
163997,14201
164037,14202
164107,14203
164137,14204
164143,14205
164158,14206
164185,14207
164371,14208
164432,14209
164457,14210
164463,14211
164489,14212
164519,14213
164551,14214
164555,14215
164636,14216
164652,14217
164665,14218
164680,14219
164706,14220
164749,14221
164760,14222
164780,14223
164898,14224
164926,14225
164937,14226
164953,14227
165144,14228
165164,14229
165181,14230
165196,14231
165211,14232
165220,14233
165239,14234
165254,14235
165288,14236
165345,14237
165363,14238
165429,14239
165454,14240
165500,14241
165515,14242
165563,14243
165722,14244
165739,14245
165750,14246
165762,14247
165801,14248
165805,14249
165823,14250
165844,14251
165866,14252
165879,14253
166005,14254
166025,14255
166030,14256
166059,14257
166061,14258
166069,14259
166094,14260
166118,14261
166212,14262
166218,14263
166252,14264
166279,14265
166281,14266
166284,14267
166289,14268
166308,14269
166309,14270
166343,14271
166344,14272
166345,14273
166409,14274
166413,14275
166416,14276
166435,14277
166443,14278
166520,14279
166528,14280
166537,14281
166559,14282
166577,14283
166579,14284
166599,14285
166623,14286
166669,14287
166675,14288
166729,14289
166730,14290
166779,14291
166796,14292
166805,14293
166818,14294
166836,14295
166853,14296
166913,14297
166948,14298
166973,14299
167054,14300
167055,14301
167122,14302
167126,14303
167160,14304
167175,14305
167202,14306
167222,14307
167241,14308
167266,14309
167272,14310
167273,14311
167289,14312
167306,14313
167319,14314
167348,14315
167459,14316
167476,14317
167491,14318
167498,14319
167509,14320
167576,14321
167613,14322
167664,14323
167699,14324
167707,14325
167729,14326
167760,14327
167761,14328
167763,14329
167766,14330
167792,14331
167809,14332
167817,14333
167834,14334
167843,14335
167868,14336
167885,14337
167894,14338
167900,14339
167914,14340
167962,14341
168114,14342
168133,14343
168140,14344
168156,14345
168157,14346
168161,14347
168258,14348
168266,14349
168286,14350
168301,14351
168304,14352
168307,14353
168313,14354
168333,14355
168374,14356
168388,14357
168408,14358
168437,14359
168490,14360
168529,14361
168548,14362
168597,14363
168628,14364
168634,14365
168653,14366
168666,14367
168722,14368
168745,14369
168748,14370
168755,14371
168780,14372
168785,14373
168802,14374
168803,14375
168824,14376
168847,14377
168857,14378
168867,14379
168890,14380
168917,14381
168972,14382
168990,14383
169007,14384
169010,14385
169019,14386
169041,14387
169050,14388
169052,14389
169081,14390
169085,14391
169094,14392
169114,14393
169141,14394
169164,14395
169224,14396
169257,14397
169280,14398
169296,14399
169307,14400
169315,14401
169363,14402
169371,14403
169384,14404
169388,14405
169389,14406
169475,14407
169479,14408
169500,14409
169571,14410
169577,14411
169611,14412
169649,14413
169711,14414
169727,14415
169728,14416
169738,14417
169739,14418
169758,14419
169764,14420
169781,14421
169790,14422
169795,14423
169813,14424
169825,14425
169833,14426
169838,14427
169848,14428
169862,14429
169863,14430
169871,14431
169872,14432
169913,14433
169916,14434
169935,14435
169937,14436
169964,14437
169976,14438
169977,14439
169978,14440
169983,14441
169988,14442
170013,14443
170022,14444
170023,14445
170036,14446
170040,14447
170042,14448
170056,14449
170071,14450
170074,14451
170079,14452
170083,14453
170085,14454
170088,14455
170094,14456
170114,14457
170147,14458
170184,14459
170190,14460
170258,14461
170262,14462
170266,14463
170285,14464
170294,14465
170335,14466
170353,14467
170357,14468
170361,14469
170365,14470
170373,14471
170375,14472
170423,14473
170437,14474
170480,14475
170482,14476
170483,14477
170506,14478
170533,14479
170558,14480
170581,14481
170588,14482
170593,14483
170604,14484
170605,14485
170613,14486
170649,14487
170721,14488
170732,14489
170736,14490
170743,14491
170758,14492
170831,14493
170867,14494
170875,14495
170876,14496
170897,14497
170922,14498
170923,14499
170937,14500
170962,14501
171002,14502
171011,14503
171094,14504
171106,14505
171107,14506
171139,14507
171161,14508
171163,14509
171167,14510
171171,14511
171186,14512
171215,14513
171217,14514
171221,14515
171225,14516
171226,14517
171309,14518
171345,14519
171352,14520
171366,14521
171405,14522
171421,14523
171426,14524
171479,14525
171490,14526
171506,14527
171513,14528
171536,14529
171541,14530
171553,14531
171623,14532
171634,14533
171692,14534
171698,14535
171708,14536
171781,14537
171792,14538
171806,14539
171834,14540
171844,14541
171865,14542
171867,14543
171945,14544
171955,14545
171966,14546
172019,14547
172068,14548
172084,14549
172098,14550
172102,14551
172106,14552
172138,14553
172142,14554
172160,14555
172232,14556
172242,14557
172268,14558
172272,14559
172357,14560
172362,14561
172367,14562
172383,14563
172396,14564
172399,14565
172448,14566
172461,14567
172468,14568
172491,14569
172492,14570
172508,14571
172511,14572
172583,14573
172588,14574
172589,14575
172618,14576
172641,14577
172692,14578
172693,14579
172700,14580
172725,14581
172730,14582
172752,14583
172755,14584
172758,14585
172763,14586
172768,14587
172769,14588
172771,14589
172775,14590
172789,14591
172801,14592
172804,14593
172806,14594
172900,14595
172935,14596
172966,14597
172980,14598
172982,14599
173004,14600
173017,14601
173033,14602
173063,14603
173066,14604
173076,14605
173082,14606
173100,14607
173106,14608
173131,14609
173175,14610
173201,14611
173251,14612
173284,14613
173349,14614
173381,14615
173421,14616
173422,14617
173426,14618
173453,14619
173466,14620
173513,14621
173518,14622
173525,14623
173567,14624
173572,14625
173573,14626
173575,14627
173585,14628
173597,14629
173677,14630
173691,14631
173712,14632
173720,14633
173732,14634
173742,14635
173762,14636
173780,14637
173786,14638
173796,14639
173802,14640
173826,14641
173837,14642
173865,14643
173866,14644
173870,14645
173873,14646
173875,14647
173903,14648
173985,14649
173988,14650
174022,14651
174026,14652
174041,14653
174102,14654
174106,14655
174115,14656
174148,14657
174151,14658
174189,14659
174234,14660
174274,14661
174328,14662
174346,14663
174348,14664
174350,14665
174356,14666
174362,14667
174435,14668
174438,14669
174440,14670
174519,14671
174592,14672
174604,14673
174616,14674
174625,14675
174634,14676
174645,14677
174658,14678
174692,14679
174697,14680
174723,14681
174735,14682
174757,14683
174796,14684
174804,14685
174930,14686
175011,14687
175027,14688
175034,14689
175042,14690
175061,14691
175079,14692
175091,14693
175150,14694
175169,14695
175230,14696
175264,14697
175266,14698
175305,14699
175316,14700
175343,14701
175469,14702
175499,14703
175540,14704
175573,14705
175605,14706
175636,14707
175640,14708
175799,14709
175807,14710
175814,14711
175824,14712
175849,14713
175886,14714
175888,14715
175906,14716
175908,14717
175950,14718
175954,14719
176016,14720
176060,14721
176182,14722
176183,14723
176192,14724
176207,14725
176257,14726
176261,14727
176286,14728
176292,14729
176323,14730
176345,14731
176361,14732
176376,14733
176403,14734
176420,14735
176424,14736
176435,14737
176443,14738
176506,14739
176514,14740
176518,14741
176534,14742
176535,14743
176624,14744
176638,14745
176667,14746
176669,14747
176671,14748
176707,14749
176721,14750
176818,14751
176910,14752
176927,14753
176928,14754
176934,14755
177017,14756
177031,14757
177046,14758
177072,14759
177130,14760
177140,14761
177155,14762
177167,14763
177191,14764
177242,14765
177270,14766
177287,14767
177307,14768
177343,14769
177369,14770
177373,14771
177482,14772
177513,14773
177558,14774
177572,14775
177581,14776
177611,14777
177650,14778
177655,14779
177735,14780
177812,14781
177830,14782
177902,14783
177919,14784
178002,14785
178020,14786
178027,14787
178081,14788
178083,14789
178146,14790
178156,14791
178186,14792
178211,14793
178212,14794
178228,14795
178249,14796
178261,14797
178262,14798
178282,14799
178302,14800
178324,14801
178337,14802
178370,14803
178376,14804
178437,14805
178446,14806
178494,14807
178508,14808
178522,14809
178526,14810
178556,14811
178567,14812
178608,14813
178611,14814
178628,14815
178736,14816
178790,14817
178820,14818
178833,14819
178839,14820
178845,14821
178865,14822
178879,14823
178892,14824
178899,14825
178931,14826
178934,14827
178983,14828
178995,14829
179007,14830
179019,14831
179035,14832
179040,14833
179045,14834
179050,14835
179070,14836
179191,14837
179227,14838
179233,14839
179257,14840
179292,14841
179299,14842
179336,14843
179367,14844
179384,14845
179429,14846
179468,14847
179476,14848
179477,14849
179487,14850
179488,14851
179549,14852
179660,14853
179707,14854
179716,14855
179740,14856
179799,14857
179813,14858
179821,14859
179839,14860
179844,14861
179846,14862
179859,14863
179863,14864
179867,14865
179877,14866
179890,14867
179895,14868
179903,14869
179945,14870
179966,14871
179985,14872
180031,14873
180063,14874
180073,14875
180133,14876
180150,14877
180154,14878
180266,14879
180306,14880
180329,14881
180357,14882
180375,14883
180453,14884
180465,14885
180495,14886
180496,14887
180506,14888
180508,14889
180569,14890
180576,14891
180649,14892
180683,14893
180695,14894
180718,14895
180804,14896
180805,14897
180837,14898
180861,14899
180878,14900
180912,14901
180953,14902
180964,14903
180968,14904
181057,14905
181060,14906
181083,14907
181106,14908
181113,14909
181143,14910
181181,14911
181188,14912
181195,14913
181205,14914
181208,14915
181229,14916
181230,14917
181234,14918
181242,14919
181274,14920
181303,14921
181309,14922
181318,14923
181346,14924
181385,14925
181396,14926
181498,14927
181505,14928
181511,14929
181546,14930
181547,14931
181566,14932
181589,14933
181745,14934
181770,14935
181797,14936
181838,14937
181870,14938
181936,14939
181994,14940
182035,14941
182040,14942
182083,14943
182106,14944
182114,14945
182136,14946
182162,14947
182163,14948
182171,14949
182177,14950
182179,14951
182190,14952
182194,14953
182212,14954
182242,14955
182266,14956
182268,14957
182317,14958
182382,14959
182414,14960
182429,14961
182455,14962
182512,14963
182549,14964
182624,14965
182629,14966
182647,14967
182657,14968
182724,14969
182783,14970
182788,14971
182870,14972
182906,14973
182907,14974
182927,14975
182996,14976
182997,14977
183003,14978
183032,14979
183043,14980
183069,14981
183075,14982
183081,14983
183200,14984
183213,14985
183217,14986
183221,14987
183262,14988
183349,14989
183399,14990
183505,14991
183531,14992
183541,14993
183571,14994
183606,14995
183629,14996
183686,14997
183727,14998
183784,14999
183798,15000
183805,15001
183806,15002
183811,15003
183866,15004
183993,15005
184017,15006
184023,15007
184117,15008
184141,15009
184153,15010
184155,15011
184156,15012
184181,15013
184185,15014
184191,15015
184198,15016
184199,15017
184288,15018
184301,15019
184305,15020
184333,15021
184359,15022
184372,15023
184401,15024
184426,15025
184442,15026
184466,15027
184496,15028
184497,15029
184501,15030
184516,15031
184540,15032
184552,15033
184564,15034
184585,15035
184592,15036
184631,15037
184668,15038
184676,15039
184682,15040
184693,15041
184710,15042
184719,15043
184769,15044
184783,15045
184802,15046
184812,15047
184840,15048
184846,15049
184876,15050
184879,15051
184880,15052
184921,15053
184963,15054
184977,15055
185013,15056
185017,15057
185026,15058
185055,15059
185060,15060
185080,15061
185113,15062
185146,15063
185151,15064
185155,15065
185180,15066
185232,15067
185297,15068
185325,15069
185326,15070
185327,15071
185338,15072
185342,15073
185381,15074
185413,15075
185430,15076
185439,15077
185445,15078
185469,15079
185492,15080
185496,15081
185498,15082
185548,15083
185560,15084
185586,15085
185597,15086
185603,15087
185614,15088
185618,15089
185631,15090
185633,15091
185648,15092
185680,15093
185689,15094
185704,15095
185716,15096
185731,15097
185753,15098
185777,15099
185778,15100
185781,15101
185870,15102
185892,15103
185893,15104
185909,15105
185923,15106
185940,15107
185957,15108
185960,15109
186003,15110
186028,15111
186029,15112
186030,15113
186133,15114
186145,15115
186207,15116
186221,15117
186256,15118
186291,15119
186294,15120
186341,15121
186347,15122
186352,15123
186363,15124
186365,15125
186388,15126
186426,15127
186432,15128
186437,15129
186485,15130
186500,15131
186517,15132
186562,15133
186583,15134
186672,15135
186678,15136
186679,15137
186693,15138
186700,15139
186726,15140
186729,15141
186736,15142
186785,15143
186835,15144
186848,15145
186849,15146
186854,15147
186855,15148
186868,15149
186913,15150
186927,15151
186933,15152
186954,15153
186965,15154
186980,15155
187004,15156
187033,15157
187046,15158
187083,15159
187086,15160
187096,15161
187128,15162
187151,15163
187184,15164
187208,15165
187220,15166
187227,15167
187260,15168
187266,15169
187275,15170
187283,15171
187317,15172
187362,15173
187367,15174
187372,15175
187391,15176
187415,15177
187473,15178
187474,15179
187477,15180
187519,15181
187531,15182
187536,15183
187569,15184
187621,15185
187652,15186
187672,15187
187682,15188
187713,15189
187731,15190
187734,15191
187773,15192
187777,15193
187788,15194
187790,15195
187793,15196
187795,15197
187812,15198
187817,15199
187856,15200
187861,15201
187879,15202
187947,15203
187975,15204
187979,15205
188008,15206
188012,15207
188024,15208
188031,15209
188053,15210
188055,15211
188079,15212
188113,15213
188116,15214
188160,15215
188178,15216
188204,15217
188217,15218
188219,15219
188261,15220
188310,15221
188314,15222
188327,15223
188329,15224
188344,15225
188444,15226
188446,15227
188542,15228
188644,15229
188682,15230
188706,15231
188717,15232
188761,15233
188807,15234
188814,15235
188927,15236
188958,15237
188981,15238
188990,15239
188992,15240
189033,15241
189087,15242
189120,15243
189150,15244
189156,15245
189191,15246
189194,15247
189239,15248
189254,15249
189261,15250
189263,15251
189314,15252
189335,15253
189375,15254
189389,15255
189411,15256
189431,15257
189438,15258
189441,15259
189447,15260
189453,15261
189571,15262
189611,15263
189632,15264
189752,15265
189795,15266
189820,15267
189828,15268
189837,15269
189930,15270
189942,15271
190039,15272
190040,15273
190135,15274
190207,15275
190335,15276
190372,15277
190382,15278
190414,15279
190426,15280
190442,15281
190464,15282
190466,15283
190470,15284
190476,15285
190492,15286
190507,15287
190516,15288
190543,15289
190558,15290
190573,15291
190598,15292
190605,15293
190639,15294
190661,15295
190684,15296
190713,15297
190714,15298
190733,15299
190790,15300
190805,15301
190835,15302
190840,15303
190849,15304
190896,15305
190899,15306
190905,15307
190906,15308
190918,15309
190932,15310
190939,15311
190951,15312
190976,15313
191026,15314
191057,15315
191074,15316
191075,15317
191095,15318
191110,15319
191113,15320
191122,15321
191126,15322
191128,15323
191143,15324
191161,15325
191225,15326
191239,15327
191242,15328
191313,15329
191318,15330
191322,15331
191345,15332
191377,15333
191390,15334
191417,15335
191435,15336
191459,15337
191479,15338
191490,15339
191578,15340
191672,15341
191682,15342
191777,15343
191796,15344
191804,15345
191816,15346
191826,15347
191845,15348
191859,15349
191861,15350
191886,15351
191893,15352
191896,15353
191946,15354
191999,15355
192039,15356
192052,15357
192079,15358
192083,15359
192100,15360
192123,15361
192148,15362
192150,15363
192164,15364
192178,15365
192187,15366
192200,15367
192205,15368
192253,15369
192260,15370
192282,15371
192295,15372
192308,15373
192334,15374
192335,15375
192346,15376
192375,15377
192408,15378
192410,15379
192421,15380
192436,15381
192456,15382
192495,15383
192509,15384
192519,15385
192534,15386
192535,15387
192543,15388
192637,15389
192661,15390
192702,15391
192817,15392
192848,15393
192863,15394
192871,15395
192894,15396
192896,15397
192910,15398
192934,15399
192940,15400
192957,15401
192977,15402
193126,15403
193141,15404
193145,15405
193195,15406
193205,15407
193216,15408
193230,15409
193241,15410
193307,15411
193337,15412
193353,15413
193358,15414
193370,15415
193378,15416
193399,15417
193519,15418
193522,15419
193653,15420
193709,15421
193711,15422
193851,15423
193861,15424
193864,15425
193873,15426
193905,15427
193909,15428
193916,15429
193930,15430
193936,15431
193945,15432
193957,15433
193972,15434
193995,15435
194045,15436
194054,15437
194116,15438
194129,15439
194158,15440
194189,15441
194201,15442
194202,15443
194297,15444
194301,15445
194323,15446
194400,15447
194453,15448
194466,15449
194516,15450
194584,15451
194585,15452
194597,15453
194629,15454
194664,15455
194678,15456
194683,15457
194688,15458
194745,15459
194754,15460
194823,15461
194890,15462
194901,15463
194908,15464
195086,15465
195106,15466
195142,15467
195147,15468
195193,15469
195199,15470
195237,15471
195266,15472
195269,15473
195326,15474
195348,15475
195351,15476
195395,15477
195423,15478
195437,15479
195448,15480
195481,15481
195501,15482
195524,15483
195525,15484
195530,15485
195547,15486
195556,15487
195561,15488
195593,15489
195608,15490
195616,15491
195630,15492
195661,15493
195695,15494
195714,15495
195725,15496
195763,15497
195811,15498
195816,15499
195828,15500
195840,15501
195850,15502
195854,15503
195881,15504
195888,15505
195930,15506
195947,15507
195968,15508
195977,15509
196018,15510
196153,15511
196177,15512
196201,15513
196210,15514
196225,15515
196233,15516
196276,15517
196286,15518
196306,15519
196401,15520
196403,15521
196409,15522
196411,15523
196412,15524
196430,15525
196487,15526
196504,15527
196585,15528
196655,15529
196688,15530
196735,15531
196766,15532
196786,15533
196850,15534
196990,15535
197001,15536
197021,15537
197103,15538
197195,15539
197215,15540
197298,15541
197398,15542
197453,15543
197575,15544
197580,15545
197675,15546
197682,15547
197691,15548
197696,15549
197700,15550
197704,15551
197712,15552
197742,15553
197865,15554
197922,15555
197927,15556
197929,15557
197977,15558
198003,15559
198017,15560
198196,15561
198332,15562
198355,15563
198374,15564
198408,15565
198416,15566
198418,15567
198430,15568
198440,15569
198460,15570
198467,15571
198470,15572
198480,15573
198485,15574
198509,15575
198678,15576
198689,15577
198707,15578
198730,15579
198732,15580
198742,15581
198776,15582
198781,15583
198785,15584
198797,15585
198799,15586
198884,15587
198901,15588
198912,15589
198914,15590
198948,15591
198962,15592
198975,15593
199038,15594
199171,15595
199205,15596
199209,15597
199210,15598
199275,15599
199299,15600
199308,15601
199326,15602
199328,15603
199332,15604
199335,15605
199352,15606
199363,15607
199372,15608
199409,15609
199488,15610
199490,15611
199504,15612
199525,15613
199529,15614
199537,15615
199579,15616
199612,15617
199619,15618
199636,15619
199658,15620
199795,15621
199804,15622
199813,15623
199919,15624
199955,15625
199961,15626
199963,15627
200008,15628
200025,15629
200043,15630
200044,15631
200053,15632
200066,15633
200068,15634
200083,15635
200194,15636
200244,15637
200296,15638
200352,15639
200373,15640
200408,15641
200419,15642
200435,15643
200452,15644
200484,15645
200507,15646
200513,15647
200518,15648
200524,15649
200525,15650
200529,15651
200577,15652
200596,15653
200603,15654
200623,15655
200673,15656
200694,15657
200709,15658
200728,15659
200730,15660
200802,15661
200821,15662
200864,15663
200884,15664
200897,15665
200928,15666
200969,15667
200988,15668
201000,15669
201002,15670
201010,15671
201058,15672
201073,15673
201094,15674
201134,15675
201149,15676
201218,15677
201234,15678
201246,15679
201257,15680
201364,15681
201374,15682
201386,15683
201391,15684
201452,15685
201465,15686
201473,15687
201479,15688
201483,15689
201503,15690
201511,15691
201513,15692
201538,15693
201592,15694
201643,15695
201659,15696
201693,15697
201700,15698
201719,15699
201756,15700
201758,15701
201819,15702
201828,15703
201865,15704
201869,15705
201915,15706
201918,15707
201988,15708
202009,15709
202023,15710
202025,15711
202036,15712
202049,15713
202087,15714
202108,15715
202130,15716
202131,15717
202181,15718
202183,15719
202194,15720
202244,15721
202281,15722
202316,15723
202318,15724
202323,15725
202327,15726
202343,15727
202355,15728
202377,15729
202381,15730
202416,15731
202420,15732
202461,15733
202498,15734
202521,15735
202526,15736
202539,15737
202546,15738
202589,15739
202590,15740
202598,15741
202659,15742
202689,15743
202691,15744
202703,15745
202761,15746
202784,15747
202785,15748
202833,15749
202863,15750
202865,15751
202891,15752
202897,15753
202935,15754
202981,15755
203018,15756
203028,15757
203062,15758
203066,15759
203131,15760
203134,15761
203211,15762
203229,15763
203233,15764
203240,15765
203253,15766
203261,15767
203268,15768
203291,15769
203348,15770
203349,15771
203354,15772
203367,15773
203380,15774
203416,15775
203424,15776
203463,15777
203473,15778
203499,15779
203515,15780
203552,15781
203637,15782
203668,15783
203676,15784
203701,15785
203702,15786
203762,15787
203770,15788
203782,15789
203785,15790
203810,15791
203814,15792
203822,15793
203824,15794
203830,15795
203834,15796
203857,15797
203866,15798
203869,15799
203888,15800
203919,15801
203925,15802
203927,15803
203932,15804
203987,15805
204002,15806
204069,15807
204071,15808
204087,15809
204109,15810
204187,15811
204217,15812
204218,15813
204245,15814
204251,15815
204257,15816
204291,15817
204300,15818
204401,15819
204462,15820
204489,15821
204500,15822
204504,15823
204512,15824
204548,15825
204570,15826
204607,15827
204629,15828
204647,15829
204650,15830
204682,15831
204722,15832
204740,15833
204753,15834
204809,15835
204842,15836
204860,15837
204863,15838
204926,15839
204976,15840
204984,15841
204986,15842
204993,15843
204998,15844
205169,15845
205185,15846
205192,15847
205276,15848
205277,15849
205279,15850
205289,15851
205307,15852
205326,15853
205345,15854
205367,15855
205515,15856
205571,15857
205613,15858
205642,15859
205646,15860
205653,15861
205700,15862
205707,15863
205758,15864
205760,15865
205777,15866
205790,15867
205861,15868
205873,15869
205878,15870
205883,15871
205890,15872
205891,15873
205905,15874
205907,15875
205932,15876
205976,15877
205977,15878
206003,15879
206008,15880
206027,15881
206038,15882
206055,15883
206081,15884
206165,15885
206167,15886
206184,15887
206196,15888
206201,15889
206235,15890
206246,15891
206252,15892
206263,15893
206273,15894
206322,15895
206329,15896
206339,15897
206391,15898
206425,15899
206434,15900
206440,15901
206475,15902
206487,15903
206491,15904
206527,15905
206562,15906
206581,15907
206594,15908
206608,15909
206632,15910
206642,15911
206705,15912
206892,15913
206901,15914
206911,15915
206939,15916
206995,15917
207002,15918
207014,15919
207082,15920
207084,15921
207100,15922
207168,15923
207171,15924
207187,15925
207197,15926
207201,15927
207219,15928
207220,15929
207234,15930
207398,15931
207525,15932
207581,15933
207599,15934
207633,15935
207641,15936
207667,15937
207690,15938
207702,15939
207729,15940
207843,15941
207860,15942
207870,15943
207872,15944
207877,15945
207887,15946
207896,15947
207929,15948
207947,15949
207980,15950
208043,15951
208088,15952
208095,15953
208110,15954
208132,15955
208136,15956
208146,15957
208155,15958
208188,15959
208214,15960
208347,15961
208401,15962
208429,15963
208434,15964
208437,15965
208445,15966
208470,15967
208486,15968
208501,15969
208542,15970
208556,15971
208583,15972
208619,15973
208631,15974
208645,15975
208657,15976
208757,15977
208886,15978
208892,15979
208907,15980
208914,15981
208952,15982
208959,15983
209057,15984
209058,15985
209059,15986
209077,15987
209135,15988
209159,15989
209168,15990
209177,15991
209181,15992
209189,15993
209210,15994
209211,15995
209214,15996
209226,15997
209249,15998
209317,15999
209347,16000
209386,16001
209398,16002
209427,16003
209429,16004
209431,16005
209436,16006
209447,16007
209526,16008
209601,16009
209665,16010
209670,16011
209672,16012
209715,16013
209731,16014
209735,16015
209764,16016
209794,16017
209800,16018
209819,16019
209831,16020
209847,16021
209986,16022
210020,16023
210160,16024
210169,16025
210191,16026
210212,16027
210218,16028
210232,16029
210242,16030
210254,16031
210258,16032
210259,16033
210302,16034
210330,16035
210416,16036
210436,16037
210467,16038
210584,16039
210627,16040
210632,16041
210647,16042
210658,16043
210676,16044
210692,16045
210717,16046
210757,16047
210788,16048
210814,16049
210891,16050
210910,16051
210940,16052
210979,16053
211001,16054
211003,16055
211059,16056
211115,16057
211156,16058
211225,16059
211243,16060
211262,16061
211314,16062
211317,16063
211372,16064
211379,16065
211401,16066
211424,16067
211427,16068
211432,16069
211471,16070
211482,16071
211484,16072
211485,16073
211487,16074
211523,16075
211524,16076
211527,16077
211542,16078
211548,16079
211549,16080
211562,16081
211570,16082
211580,16083
211588,16084
211589,16085
211600,16086
211605,16087
211614,16088
211638,16089
211649,16090
211709,16091
211710,16092
211779,16093
211815,16094
211958,16095
211987,16096
211997,16097
212054,16098
212120,16099
212129,16100
212286,16101
212395,16102
212404,16103
212479,16104
212492,16105
212565,16106
212632,16107
212647,16108
212682,16109
212715,16110
212727,16111
212739,16112
212784,16113
212885,16114
212975,16115
212985,16116
213057,16117
213060,16118
213181,16119
213191,16120
213194,16121
213195,16122
213207,16123
213213,16124
213256,16125
213259,16126
213263,16127
213267,16128
213290,16129
213319,16130
213353,16131
213358,16132
213359,16133
213393,16134
213402,16135
213403,16136
213476,16137
213510,16138
213528,16139
213535,16140
213565,16141
213598,16142
213649,16143
213659,16144
213660,16145
213713,16146
213777,16147
213785,16148
213809,16149
213900,16150
213903,16151
213904,16152
213909,16153
213970,16154
213989,16155
214017,16156
214088,16157
214145,16158
214165,16159
214189,16160
214213,16161
214220,16162
214223,16163
214350,16164
214371,16165
214378,16166
214498,16167
214514,16168
214534,16169
214554,16170
214590,16171
214669,16172
214686,16173
214699,16174
214733,16175
214740,16176
214917,16177
214943,16178
214963,16179
214985,16180
215019,16181
215039,16182
215040,16183
215098,16184
215139,16185
215171,16186
215229,16187
215240,16188
215370,16189
215375,16190
215414,16191
215461,16192
215501,16193
215530,16194
215544,16195
215545,16196
215600,16197
215637,16198
215640,16199
215647,16200
215648,16201
215655,16202
215689,16203
215703,16204
215757,16205
215816,16206
215821,16207
215827,16208
215843,16209
215878,16210
215898,16211
215908,16212
215909,16213
215911,16214
215912,16215
215919,16216
215952,16217
215971,16218
215974,16219
216034,16220
216121,16221
216179,16222
216198,16223
216207,16224
216237,16225
216268,16226
216294,16227
216341,16228
216350,16229
216364,16230
216376,16231
216380,16232
216394,16233
216417,16234
216531,16235
216537,16236
216575,16237
216644,16238
216664,16239
216702,16240
216767,16241
216768,16242
216778,16243
216891,16244
216894,16245
216970,16246
217029,16247
217042,16248
217049,16249
217062,16250
217089,16251
217103,16252
217113,16253
217139,16254
217187,16255
217244,16256
217263,16257
217274,16258
217290,16259
217324,16260
217375,16261
217454,16262
217459,16263
217463,16264
217465,16265
217478,16266
217605,16267
217620,16268
217644,16269
217674,16270
217675,16271
217753,16272
217763,16273
217772,16274
217803,16275
217847,16276
217910,16277
217913,16278
217948,16279
217963,16280
217973,16281
218006,16282
218040,16283
218051,16284
218055,16285
218058,16286
218059,16287
218193,16288
218229,16289
218276,16290
218299,16291
218349,16292
218351,16293
218376,16294
218390,16295
218397,16296
218399,16297
218429,16298
218464,16299
218465,16300
218480,16301
218486,16302
218510,16303
218528,16304
218566,16305
218584,16306
218589,16307
218607,16308
218617,16309
218682,16310
218766,16311
218770,16312
218794,16313
218808,16314
218814,16315
218817,16316
218828,16317
218845,16318
218856,16319
218867,16320
218911,16321
218950,16322
218987,16323
218996,16324
219033,16325
219066,16326
219073,16327
219090,16328
219112,16329
219121,16330
219157,16331
219196,16332
219206,16333
219221,16334
219251,16335
219277,16336
219321,16337
219357,16338
219379,16339
219390,16340
219420,16341
219423,16342
219439,16343
219519,16344
219572,16345
219681,16346
219692,16347
219702,16348
219707,16349
219724,16350
219768,16351
219776,16352
219782,16353
219784,16354
219789,16355
219814,16356
219820,16357
219828,16358
219831,16359
219894,16360
219899,16361
220172,16362
220186,16363
220208,16364
220256,16365
220289,16366
220304,16367
220316,16368
220348,16369
220389,16370
220408,16371
220417,16372
220460,16373
220465,16374
220520,16375
220533,16376
220548,16377
220639,16378
220757,16379
220759,16380
220846,16381
220853,16382
220870,16383
220871,16384
220872,16385
220883,16386
220946,16387
220980,16388
220989,16389
221003,16390
221018,16391
221051,16392
221118,16393
221217,16394
221237,16395
221248,16396
221275,16397
221280,16398
221282,16399
221299,16400
221335,16401
221368,16402
221429,16403
221522,16404
221700,16405
221743,16406
221854,16407
221857,16408
221921,16409
221952,16410
221953,16411
221973,16412
221980,16413
222018,16414
222092,16415
222109,16416
222151,16417
222156,16418
222166,16419
222187,16420
222188,16421
222212,16422
222254,16423
222264,16424
222273,16425
222310,16426
222315,16427
222338,16428
222394,16429
222427,16430
222431,16431
222467,16432
222468,16433
222479,16434
222519,16435
222526,16436
222550,16437
222609,16438
222625,16439
222667,16440
222676,16441
222697,16442
222767,16443
222773,16444
222915,16445
222929,16446
222959,16447
223023,16448
223058,16449
223102,16450
223104,16451
223154,16452
223191,16453
223211,16454
223226,16455
223263,16456
223351,16457
223382,16458
223392,16459
223393,16460
223424,16461
223470,16462
223471,16463
223483,16464
223508,16465
223517,16466
223534,16467
223535,16468
223561,16469
223572,16470
223576,16471
223588,16472
223591,16473
223592,16474
223623,16475
223660,16476
223683,16477
223688,16478
223692,16479
223724,16480
223730,16481
223748,16482
223749,16483
223850,16484
223865,16485
223962,16486
223971,16487
224006,16488
224013,16489
224018,16490
224132,16491
224143,16492
224167,16493
224192,16494
224197,16495
224223,16496
224236,16497
224261,16498
224279,16499
224281,16500
224323,16501
224363,16502
224374,16503
224390,16504
224448,16505
224487,16506
224590,16507
224608,16508
224628,16509
224681,16510
224689,16511
224691,16512
224749,16513
224794,16514
224795,16515
224947,16516
224960,16517
225028,16518
225056,16519
225073,16520
225229,16521
225291,16522
225300,16523
225324,16524
225347,16525
225387,16526
225416,16527
225424,16528
225455,16529
225529,16530
225571,16531
225575,16532
225645,16533
225651,16534
225791,16535
225797,16536
225839,16537
225888,16538
225889,16539
225964,16540
225977,16541
226004,16542
226011,16543
226018,16544
226043,16545
226062,16546
226074,16547
226112,16548
226118,16549
226149,16550
226212,16551
226218,16552
226245,16553
226251,16554
226341,16555
226410,16556
226479,16557
226503,16558
226522,16559
226621,16560
226632,16561
226723,16562
226737,16563
226915,16564
226957,16565
226967,16566
226968,16567
227043,16568
227114,16569
227127,16570
227151,16571
227206,16572
227243,16573
227257,16574
227316,16575
227391,16576
227419,16577
227425,16578
227439,16579
227446,16580
227468,16581
227481,16582
227514,16583
227542,16584
227572,16585
227585,16586
227651,16587
227694,16588
227732,16589
227756,16590
227778,16591
227802,16592
227817,16593
227912,16594
227919,16595
228085,16596
228102,16597
228132,16598
228259,16599
228348,16600
228386,16601
228456,16602
228463,16603
228520,16604
228641,16605
228738,16606
228780,16607
228781,16608
228782,16609
228797,16610
228814,16611
228818,16612
228819,16613
228854,16614
228894,16615
228909,16616
229057,16617
229072,16618
229078,16619
229104,16620
229164,16621
229205,16622
229227,16623
229232,16624
229267,16625
229275,16626
229368,16627
229398,16628
229416,16629
229419,16630
229473,16631
229484,16632
229517,16633
229582,16634
229625,16635
229649,16636
229821,16637
229834,16638
229860,16639
229929,16640
229948,16641
230035,16642
230114,16643
230150,16644
230208,16645
230212,16646
230213,16647
230255,16648
230311,16649
230332,16650
230338,16651
230372,16652
230385,16653
230470,16654
230551,16655
230631,16656
230644,16657
230695,16658
230752,16659
230767,16660
230769,16661
230781,16662
230853,16663
230926,16664
230952,16665
230988,16666
231025,16667
231036,16668
231112,16669
231194,16670
231198,16671
231245,16672
231271,16673
231344,16674
231420,16675
231510,16676
231531,16677
231541,16678
231552,16679
231556,16680
231581,16681
231632,16682
231658,16683
231661,16684
231701,16685
231844,16686
231862,16687
231874,16688
231897,16689
231908,16690
231910,16691
231927,16692
231929,16693
232041,16694
232042,16695
232055,16696
232069,16697
232083,16698
232103,16699
232118,16700
232188,16701
232299,16702
232311,16703
232360,16704
232433,16705
232482,16706
232706,16707
232735,16708
232788,16709
232792,16710
232875,16711
232888,16712
232915,16713
232918,16714
232928,16715
232944,16716
232951,16717
233108,16718
233148,16719
233154,16720
233179,16721
233189,16722
233210,16723
233240,16724
233245,16725
233481,16726
233487,16727
233574,16728
233749,16729
233825,16730
233926,16731
233945,16732
234010,16733
234065,16734
234128,16735
234129,16736
234175,16737
234198,16738
234216,16739
234225,16740
234275,16741
234329,16742
234344,16743
234351,16744
234373,16745
234408,16746
234409,16747
234424,16748
234465,16749
234516,16750
234531,16751
234542,16752
234639,16753
234645,16754
234672,16755
234683,16756
234707,16757
234811,16758
234833,16759
234867,16760
234884,16761
234885,16762
234919,16763
234995,16764
235007,16765
235024,16766
235063,16767
235068,16768
235204,16769
235214,16770
235227,16771
235270,16772
235300,16773
235318,16774
235329,16775
235347,16776
235364,16777
235366,16778
235379,16779
235380,16780
235402,16781
235408,16782
235461,16783
235534,16784
235542,16785
235630,16786
235729,16787
235736,16788
235776,16789
235805,16790
235909,16791
236034,16792
236082,16793
236284,16794
236448,16795
236522,16796
236553,16797
236627,16798
236643,16799
236658,16800
236734,16801
236772,16802
236899,16803
236946,16804
236995,16805
236998,16806
236999,16807
237022,16808
237038,16809
237133,16810
237137,16811
237164,16812
237263,16813
237265,16814
237314,16815
237351,16816
237400,16817
237432,16818
237476,16819
237495,16820
237566,16821
237654,16822
237746,16823
237762,16824
237769,16825
237789,16826
237823,16827
238056,16828
238069,16829
238073,16830
238099,16831
238159,16832
238164,16833
238239,16834
238240,16835
238242,16836
238248,16837
238304,16838
238319,16839
238466,16840
238539,16841
238546,16842
238697,16843
238720,16844
238765,16845
238777,16846
238800,16847
238892,16848
238951,16849
238981,16850
238994,16851
239027,16852
239350,16853
239398,16854
239431,16855
239454,16856
239485,16857
239520,16858
239592,16859
239599,16860
239629,16861
239714,16862
239768,16863
239801,16864
239829,16865
239838,16866
239859,16867
239875,16868
239884,16869
239930,16870
239945,16871
240135,16872
240186,16873
240222,16874
240223,16875
240289,16876
240338,16877
240413,16878
240415,16879
240429,16880
240456,16881
240515,16882
240543,16883
240580,16884
240581,16885
240605,16886
240664,16887
240744,16888
240787,16889
240816,16890
240819,16891
241030,16892
241042,16893
241077,16894
241139,16895
241141,16896
241166,16897
241181,16898
241296,16899
241322,16900
241362,16901
241400,16902
241407,16903
241433,16904
241439,16905
241452,16906
241455,16907
241498,16908
241623,16909
241627,16910
241796,16911
241826,16912
241869,16913
241877,16914
241933,16915
242054,16916
242064,16917
242083,16918
242099,16919
242117,16920
242309,16921
242319,16922
242342,16923
242377,16924
242430,16925
242472,16926
242473,16927
242475,16928
242479,16929
242482,16930
242491,16931
242547,16932
242577,16933
242590,16934
242638,16935
242680,16936
242778,16937
242856,16938
242863,16939
242941,16940
242950,16941
242966,16942
243105,16943
243170,16944
243205,16945
243235,16946
243278,16947
243279,16948
243317,16949
243335,16950
243354,16951
243401,16952
243405,16953
243411,16954
243412,16955
243415,16956
243419,16957
243431,16958
243522,16959
243567,16960
243592,16961
243665,16962
243803,16963
243805,16964
243900,16965
243965,16966
243997,16967
244117,16968
244176,16969
244177,16970
244193,16971
244199,16972
244245,16973
244288,16974
244423,16975
244524,16976
244592,16977
244722,16978
244738,16979
244750,16980
244817,16981
244839,16982
244856,16983
244861,16984
244887,16985
244928,16986
245037,16987
245052,16988
245165,16989
245182,16990
245231,16991
245266,16992
245323,16993
245395,16994
245490,16995
245529,16996
245576,16997
245577,16998
245591,16999
245611,17000
245624,17001
245649,17002
245752,17003
245857,17004
245872,17005
245882,17006
245944,17007
245963,17008
246103,17009
246107,17010
246184,17011
246226,17012
246229,17013
246317,17014
246362,17015
246497,17016
246518,17017
246540,17018
246577,17019
246587,17020
246598,17021
246602,17022
246675,17023
246785,17024
246875,17025
246888,17026
246989,17027
247006,17028
247035,17029
247054,17030
247113,17031
247127,17032
247149,17033
247150,17034
247354,17035
247394,17036
247402,17037
247474,17038
247483,17039
247491,17040
247495,17041
247522,17042
247582,17043
247595,17044
247601,17045
247669,17046
247681,17047
247686,17048
247704,17049
247715,17050
247738,17051
247808,17052
247812,17053
247934,17054
247977,17055
248005,17056
248097,17057
248199,17058
248219,17059
248253,17060
248268,17061
248297,17062
248350,17063
248439,17064
248469,17065
248495,17066
248546,17067
248587,17068
248608,17069
248707,17070
248806,17071
248984,17072
249021,17073
249041,17074
249052,17075
249061,17076
249118,17077
249168,17078
249180,17079
249188,17080
249190,17081
249216,17082
249269,17083
249457,17084
249492,17085
249502,17086
249520,17087
249718,17088
249731,17089
249875,17090
249965,17091
249968,17092
249974,17093
250015,17094
250063,17095
250065,17096
250094,17097
250109,17098
250111,17099
250163,17100
250167,17101
250212,17102
250232,17103
250276,17104
250284,17105
250385,17106
250442,17107
250456,17108
250488,17109
250519,17110
250635,17111
250673,17112
250711,17113
250730,17114
250764,17115
250822,17116
250833,17117
250903,17118
250964,17119
250999,17120
251137,17121
251196,17122
251220,17123
251309,17124
251332,17125
251352,17126
251372,17127
251513,17128
251609,17129
251874,17130
251906,17131
251957,17132
251972,17133
251997,17134
252031,17135
252047,17136
252121,17137
252151,17138
252226,17139
252250,17140
252267,17141
252395,17142
252412,17143
252449,17144
252517,17145
252544,17146
252590,17147
252641,17148
252656,17149
252773,17150
252838,17151
253032,17152
253141,17153
253163,17154
253188,17155
253224,17156
253308,17157
253358,17158
253362,17159
253364,17160
253442,17161
253444,17162
253459,17163
253511,17164
253530,17165
253595,17166
253599,17167
253657,17168
253670,17169
253678,17170
253719,17171
253722,17172
253767,17173
253794,17174
253822,17175
253891,17176
253952,17177
254016,17178
254025,17179
254063,17180
254176,17181
254206,17182
254220,17183
254235,17184
254239,17185
254299,17186
254495,17187
254560,17188
254570,17189
254585,17190
254711,17191
254738,17192
254741,17193
254744,17194
254752,17195
254770,17196
254778,17197
254959,17198
255067,17199
255140,17200
255208,17201
255226,17202
255227,17203
255239,17204
255242,17205
255591,17206
255600,17207
255607,17208
255788,17209
255791,17210
255796,17211
255923,17212
255960,17213
255994,17214
256045,17215
256050,17216
256056,17217
256062,17218
256064,17219
256080,17220
256081,17221
256146,17222
256153,17223
256215,17224
256223,17225
256268,17226
256288,17227
256315,17228
256362,17229
256370,17230
256372,17231
256373,17232
256392,17233
256395,17234
256493,17235
256722,17236
256821,17237
256832,17238
256976,17239
257139,17240
257276,17241
257278,17242
257290,17243
257319,17244
257321,17245
257404,17246
257584,17247
257634,17248
257766,17249
257794,17250
257812,17251
257892,17252
257904,17253
257931,17254
257934,17255
257962,17256
258049,17257
258085,17258
258086,17259
258156,17260
258279,17261
258291,17262
258337,17263
258345,17264
258352,17265
258421,17266
258448,17267
258508,17268
258522,17269
258529,17270
258672,17271
258679,17272
258767,17273
258828,17274
258848,17275
258922,17276
259057,17277
259160,17278
259348,17279
259393,17280
259423,17281
259441,17282
259459,17283
259465,17284
259479,17285
259499,17286
259573,17287
259602,17288
259669,17289
259677,17290
259807,17291
259880,17292
259913,17293
259920,17294
259937,17295
259942,17296
259979,17297
260039,17298
260107,17299
260160,17300
260252,17301
260344,17302
260345,17303
260375,17304
260383,17305
260426,17306
260536,17307
260567,17308
260604,17309
260629,17310
260781,17311
260802,17312
260870,17313
260915,17314
260918,17315
260920,17316
260942,17317
260955,17318
261024,17319
261058,17320
261072,17321
261095,17322
261129,17323
261158,17324
261193,17325
261304,17326
261329,17327
261376,17328
261401,17329
261407,17330
261412,17331
261418,17332
261509,17333
261583,17334
261606,17335
261634,17336
261637,17337
261647,17338
261650,17339
261670,17340
261672,17341
261683,17342
261718,17343
261721,17344
261758,17345
261806,17346
261827,17347
261877,17348
261889,17349
261929,17350
261935,17351
262003,17352
262038,17353
262097,17354
262103,17355
262140,17356
262172,17357
262189,17358
262230,17359
262231,17360
262288,17361
262413,17362
262464,17363
262593,17364
262666,17365
262753,17366
262793,17367
262810,17368
262816,17369
262821,17370
262872,17371
262883,17372
263081,17373
263086,17374
263131,17375
263151,17376
263152,17377
263199,17378
263202,17379
263265,17380
263305,17381
263371,17382
263405,17383
263420,17384
263512,17385
263524,17386
263595,17387
263597,17388
263601,17389
263672,17390
263699,17391
263850,17392
263869,17393
263874,17394
263983,17395
264006,17396
264009,17397
264043,17398
264072,17399
264182,17400
264190,17401
264191,17402
264246,17403
264260,17404
264362,17405
264447,17406
264481,17407
264500,17408
264533,17409
264541,17410
264604,17411
264605,17412
264611,17413
264643,17414
264721,17415
264809,17416
264811,17417
264839,17418
264859,17419
264893,17420
264919,17421
264982,17422
265132,17423
265210,17424
265240,17425
265329,17426
265364,17427
265467,17428
265535,17429
265634,17430
265639,17431
265648,17432
265680,17433
265683,17434
265711,17435
265773,17436
265782,17437
265794,17438
265826,17439
265858,17440
265932,17441
265956,17442
266019,17443
266039,17444
266043,17445
266068,17446
266071,17447
266095,17448
266161,17449
266186,17450
266209,17451
266248,17452
266264,17453
266270,17454
266388,17455
266405,17456
266427,17457
266467,17458
266529,17459
266569,17460
266612,17461
266613,17462
266686,17463
266688,17464
266734,17465
266782,17466
266810,17467
266842,17468
266894,17469
267249,17470
267283,17471
267490,17472
267501,17473
267552,17474
267558,17475
267571,17476
267610,17477
267632,17478
267645,17479
267695,17480
267749,17481
267811,17482
267826,17483
267858,17484
267864,17485
267907,17486
267920,17487
267975,17488
268059,17489
268185,17490
268197,17491
268199,17492
268242,17493
268243,17494
268331,17495
268418,17496
268423,17497
268528,17498
268554,17499
268560,17500
268575,17501
268616,17502
268691,17503
268707,17504
268753,17505
268774,17506
268834,17507
268957,17508
269119,17509
269136,17510
269144,17511
269300,17512
269324,17513
269455,17514
269483,17515
269490,17516
269611,17517
269696,17518
269713,17519
269736,17520
269750,17521
269771,17522
269786,17523
269803,17524
269872,17525
269925,17526
270022,17527
270058,17528
270062,17529
270248,17530
270260,17531
270285,17532
270393,17533
270521,17534
270550,17535
270670,17536
270800,17537
270805,17538
270877,17539
270882,17540
270883,17541
270955,17542
271023,17543
271040,17544
271158,17545
271210,17546
271213,17547
271217,17548
271313,17549
271379,17550
271451,17551
271462,17552
271489,17553
271545,17554
271595,17555
271610,17556
271647,17557
271704,17558
271762,17559
271784,17560
271786,17561
271818,17562
271830,17563
271846,17564
271920,17565
271945,17566
272020,17567
272045,17568
272158,17569
272161,17570
272173,17571
272179,17572
272181,17573
272193,17574
272221,17575
272233,17576
272235,17577
272244,17578
272270,17579
272308,17580
272309,17581
272391,17582
272486,17583
272650,17584
272691,17585
272698,17586
272736,17587
272768,17588
272930,17589
273013,17590
273041,17591
273211,17592
273264,17593
273428,17594
273482,17595
273515,17596
273828,17597
273838,17598
273842,17599
273893,17600
273976,17601
273998,17602
274110,17603
274131,17604
274204,17605
274251,17606
274288,17607
274369,17608
274404,17609
274427,17610
274521,17611
274524,17612
274535,17613
274546,17614
274561,17615
274576,17616
274742,17617
274772,17618
274822,17619
274926,17620
274955,17621
274990,17622
275034,17623
275041,17624
275185,17625
275218,17626
275323,17627
275447,17628
275448,17629
275460,17630
275494,17631
275504,17632
275573,17633
275652,17634
275659,17635
275813,17636
275854,17637
275998,17638
276119,17639
276140,17640
276183,17641
276257,17642
276268,17643
276380,17644
276402,17645
276472,17646
276485,17647
276501,17648
276570,17649
276650,17650
276719,17651
276759,17652
276772,17653
276860,17654
276887,17655
276895,17656
276903,17657
276931,17658
276984,17659
277085,17660
277095,17661
277118,17662
277122,17663
277130,17664
277167,17665
277207,17666
277345,17667
277379,17668
277388,17669
277465,17670
277517,17671
277655,17672
277668,17673
277678,17674
277704,17675
277716,17676
277732,17677
277765,17678
277797,17679
277833,17680
277862,17681
278152,17682
278160,17683
278221,17684
278248,17685
278274,17686
278278,17687
278329,17688
278370,17689
278384,17690
278583,17691
278655,17692
278713,17693
278729,17694
278735,17695
278742,17696
278812,17697
278846,17698
278872,17699
278873,17700
278886,17701
278922,17702
278956,17703
278998,17704
279034,17705
279060,17706
279084,17707
279220,17708
279230,17709
279234,17710
279261,17711
279315,17712
279369,17713
279456,17714
279552,17715
279762,17716
279907,17717
279911,17718
279937,17719
279941,17720
279986,17721
279997,17722
280067,17723
280078,17724
280167,17725
280197,17726
280223,17727
280351,17728
280387,17729
280395,17730
280408,17731
280453,17732
280466,17733
280594,17734
280634,17735
280658,17736
280764,17737
280845,17738
280864,17739
280905,17740
281139,17741
281164,17742
281279,17743
281300,17744
281304,17745
281313,17746
281357,17747
281409,17748
281445,17749
281472,17750
281530,17751
281558,17752
281644,17753
281737,17754
281771,17755
281775,17756
281782,17757
281807,17758
281815,17759
281838,17760
281901,17761
281949,17762
281966,17763
281990,17764
282040,17765
282050,17766
282052,17767
282066,17768
282073,17769
282079,17770
282086,17771
282232,17772
282333,17773
282352,17774
282384,17775
282418,17776
282426,17777
282447,17778
282620,17779
282660,17780
282663,17781
282720,17782
282729,17783
282730,17784
282791,17785
282900,17786
282901,17787
282913,17788
282997,17789
283013,17790
283020,17791
283034,17792
283042,17793
283046,17794
283072,17795
283073,17796
283223,17797
283271,17798
283273,17799
283282,17800
283311,17801
283443,17802
283497,17803
283524,17804
283551,17805
283560,17806
283649,17807
283763,17808
283801,17809
283833,17810
283871,17811
283936,17812
283944,17813
283945,17814
284045,17815
284079,17816
284136,17817
284271,17818
284322,17819
284323,17820
284365,17821
284385,17822
284500,17823
284507,17824
284512,17825
284613,17826
284630,17827
284640,17828
284688,17829
284825,17830
284999,17831
285011,17832
285205,17833
285364,17834
285382,17835
285431,17836
285449,17837
285468,17838
285570,17839
285660,17840
285714,17841
285749,17842
285831,17843
285900,17844
285926,17845
285932,17846
285936,17847
286002,17848
286006,17849
286031,17850
286078,17851
286157,17852
286267,17853
286290,17854
286303,17855
286345,17856
286346,17857
286395,17858
286405,17859
286419,17860
286536,17861
286575,17862
286577,17863
286617,17864
286627,17865
286647,17866
286680,17867
286704,17868
286773,17869
286794,17870
286900,17871
287041,17872
287112,17873
287118,17874
287183,17875
287327,17876
287338,17877
287545,17878
287618,17879
287666,17880
287888,17881
287950,17882
287975,17883
288007,17884
288012,17885
288061,17886
288125,17887
288137,17888
288256,17889
288281,17890
288307,17891
288342,17892
288370,17893
288424,17894
288453,17895
288551,17896
288582,17897
288593,17898
288603,17899
288656,17900
288830,17901
288835,17902
288861,17903
288885,17904
288988,17905
289061,17906
289161,17907
289194,17908
289252,17909
289268,17910
289271,17911
289342,17912
289404,17913
289459,17914
289552,17915
289559,17916
289703,17917
289757,17918
289878,17919
289923,17920
289943,17921
290028,17922
290034,17923
290041,17924
290136,17925
290187,17926
290323,17927
290371,17928
290378,17929
290442,17930
290476,17931
290644,17932
290656,17933
290760,17934
290968,17935
290970,17936
291036,17937
291057,17938
291063,17939
291249,17940
291496,17941
291504,17942
291655,17943
291700,17944
291758,17945
291770,17946
291797,17947
291842,17948
291860,17949
291896,17950
291921,17951
291926,17952
292007,17953
292029,17954
292038,17955
292128,17956
292149,17957
292165,17958
292261,17959
292368,17960
292467,17961
292578,17962
292579,17963
292607,17964
292638,17965
292757,17966
292872,17967
292905,17968
292963,17969
293102,17970
293120,17971
293168,17972
293173,17973
293219,17974
293243,17975
293275,17976
293349,17977
293366,17978
293500,17979
293657,17980
293688,17981
293842,17982
293899,17983
293927,17984
293979,17985
294059,17986
294152,17987
294196,17988
294234,17989
294251,17990
294300,17991
294344,17992
294371,17993
294374,17994
294387,17995
294395,17996
294481,17997
294521,17998
294532,17999
294541,18000
294620,18001
294624,18002
294627,18003
294693,18004
294720,18005
294874,18006
294908,18007
294999,18008
295087,18009
295092,18010
295097,18011
295447,18012
295459,18013
295505,18014
295608,18015
295619,18016
295636,18017
295639,18018
295649,18019
295676,18020
295693,18021
295761,18022
295797,18023
295801,18024
295835,18025
295945,18026
296110,18027
296113,18028
296250,18029
296282,18030
296523,18031
296559,18032
296583,18033
296657,18034
296692,18035
296697,18036
296743,18037
296976,18038
297128,18039
297154,18040
297235,18041
297251,18042
297254,18043
297272,18044
297404,18045
297408,18046
297663,18047
297728,18048
297829,18049
297856,18050
297863,18051
297868,18052
297900,18053
297960,18054
297985,18055
298128,18056
298216,18057
298300,18058
298417,18059
298434,18060
298498,18061
298695,18062
298871,18063
298873,18064
298874,18065
298893,18066
299075,18067
299156,18068
299322,18069
299324,18070
299347,18071
299433,18072
299527,18073
299585,18074
299832,18075
299973,18076
300041,18077
300178,18078
300257,18079
300266,18080
300291,18081
300298,18082
300387,18083
300501,18084
300693,18085
300779,18086
300894,18087
300958,18088
300983,18089
301002,18090
301028,18091
301070,18092
301108,18093
301334,18094
301346,18095
301349,18096
301361,18097
301425,18098
301502,18099
301543,18100
301573,18101
301594,18102
301613,18103
301644,18104
301693,18105
301695,18106
301740,18107
301741,18108
301754,18109
301815,18110
302000,18111
302003,18112
302004,18113
302120,18114
302136,18115
302218,18116
302367,18117
302553,18118
302751,18119
302801,18120
302806,18121
302812,18122
302830,18123
302842,18124
302922,18125
302972,18126
302996,18127
302997,18128
303245,18129
303247,18130
303255,18131
303266,18132
303281,18133
303423,18134
303469,18135
303592,18136
303638,18137
303642,18138
303643,18139
303656,18140
303671,18141
303683,18142
303872,18143
303890,18144
303911,18145
303936,18146
303946,18147
304007,18148
304165,18149
304166,18150
304171,18151
304177,18152
304182,18153
304233,18154
304276,18155
304319,18156
304374,18157
304437,18158
304459,18159
304533,18160
304564,18161
304590,18162
304604,18163
304615,18164
304627,18165
304644,18166
304648,18167
304652,18168
304665,18169
304666,18170
304683,18171
304705,18172
304755,18173
304824,18174
304828,18175
304892,18176
304916,18177
304982,18178
305052,18179
305221,18180
305258,18181
305262,18182
305282,18183
305341,18184
305413,18185
305496,18186
305524,18187
305529,18188
305557,18189
305558,18190
305601,18191
305602,18192
305652,18193
305739,18194
305776,18195
305796,18196
305800,18197
305805,18198
305840,18199
305883,18200
305884,18201
305889,18202
305912,18203
306022,18204
306088,18205
306144,18206
306158,18207
306160,18208
306262,18209
306506,18210
306507,18211
306688,18212
306714,18213
306742,18214
306761,18215
306804,18216
306805,18217
306816,18218
306834,18219
306854,18220
306861,18221
307052,18222
307100,18223
307154,18224
307183,18225
307209,18226
307216,18227
307260,18228
307280,18229
307295,18230
307400,18231
307406,18232
307439,18233
307468,18234
307486,18235
307532,18236
307568,18237
307575,18238
307580,18239
307585,18240
307601,18241
307616,18242
307631,18243
307640,18244
307684,18245
307723,18246
307807,18247
307831,18248
307835,18249
307853,18250
307882,18251
307905,18252
307930,18253
307969,18254
308022,18255
308090,18256
308203,18257
308206,18258
308228,18259
308293,18260
308361,18261
308514,18262
308516,18263
308592,18264
308640,18265
308876,18266
308927,18267
308987,18268
309064,18269
309131,18270
309135,18271
309164,18272
309187,18273
309195,18274
309199,18275
309333,18276
309422,18277
309526,18278
309558,18279
309743,18280
309756,18281
309788,18282
309808,18283
309834,18284
309848,18285
309886,18286
310086,18287
310185,18288
310186,18289
310191,18290
310199,18291
310215,18292
310310,18293
310322,18294
310392,18295
310482,18296
310488,18297
310516,18298
310564,18299
310605,18300
310741,18301
310795,18302
310800,18303
310837,18304
311020,18305
311039,18306
311133,18307
311140,18308
311319,18309
311369,18310
311434,18311
311455,18312
311483,18313
311484,18314
311584,18315
311663,18316
311697,18317
311774,18318
311788,18319
311883,18320
311888,18321
312028,18322
312033,18323
312071,18324
312125,18325
312198,18326
312520,18327
312567,18328
312651,18329
312842,18330
312986,18331
312992,18332
313055,18333
313193,18334
313204,18335
313251,18336
313253,18337
313325,18338
313338,18339
313367,18340
313442,18341
313451,18342
313457,18343
313513,18344
313521,18345
313793,18346
313811,18347
313978,18348
314197,18349
314290,18350
314294,18351
314388,18352
314507,18353
314560,18354
314564,18355
314573,18356
314697,18357
314745,18358
314766,18359
314786,18360
314831,18361
314869,18362
314941,18363
314978,18364
315101,18365
315262,18366
315448,18367
315537,18368
315861,18369
315948,18370
315985,18371
315999,18372
316028,18373
316045,18374
316155,18375
316190,18376
316302,18377
316304,18378
316484,18379
316545,18380
316609,18381
316614,18382
316629,18383
316646,18384
316666,18385
316669,18386
316719,18387
316858,18388
316956,18389
317021,18390
317031,18391
317044,18392
317045,18393
317067,18394
317072,18395
317078,18396
317120,18397
317121,18398
317152,18399
317227,18400
317246,18401
317341,18402
317485,18403
317509,18404
317761,18405
317796,18406
317798,18407
317835,18408
317920,18409
318100,18410
318267,18411
318283,18412
318298,18413
318315,18414
318406,18415
318412,18416
318489,18417
318534,18418
318557,18419
318626,18420
318659,18421
318755,18422
318783,18423
318838,18424
318841,18425
318956,18426
318957,18427
318998,18428
319003,18429
319219,18430
319325,18431
319522,18432
319534,18433
319562,18434
319811,18435
319833,18436
319852,18437
319938,18438
319999,18439
320062,18440
320129,18441
320293,18442
320304,18443
320344,18444
320392,18445
320417,18446
320658,18447
320743,18448
320809,18449
320869,18450
320924,18451
321213,18452
321236,18453
321400,18454
321434,18455
321529,18456
321548,18457
321656,18458
321674,18459
321715,18460
321719,18461
321734,18462
321760,18463
321883,18464
321928,18465
321948,18466
321959,18467
322107,18468
322124,18469
322149,18470
322368,18471
322382,18472
322468,18473
322546,18474
322553,18475
322625,18476
322701,18477
322805,18478
322833,18479
322917,18480
323011,18481
323179,18482
323372,18483
323422,18484
323548,18485
323559,18486
323581,18487
323657,18488
323743,18489
323771,18490
323886,18491
323896,18492
323897,18493
323900,18494
323995,18495
324081,18496
324138,18497
324205,18498
324208,18499
324254,18500
324323,18501
324363,18502
324429,18503
324465,18504
324570,18505
324665,18506
324785,18507
324802,18508
324849,18509
324890,18510
325034,18511
325042,18512
325082,18513
325218,18514
325250,18515
325401,18516
325571,18517
325674,18518
325742,18519
325747,18520
325792,18521
326015,18522
326343,18523
326393,18524
326407,18525
326509,18526
326516,18527
326682,18528
326702,18529
326705,18530
326745,18531
326824,18532
326866,18533
326894,18534
326900,18535
326906,18536
326986,18537
327002,18538
327017,18539
327019,18540
327077,18541
327159,18542
327419,18543
327458,18544
327684,18545
327703,18546
327707,18547
327810,18548
327824,18549
327922,18550
328082,18551
328097,18552
328252,18553
328256,18554
328381,18555
328441,18556
328487,18557
328492,18558
328537,18559
328683,18560
328726,18561
328748,18562
328765,18563
328768,18564
328770,18565
328928,18566
328972,18567
329000,18568
329165,18569
329198,18570
329255,18571
329528,18572
329540,18573
329560,18574
329664,18575
329678,18576
329804,18577
329859,18578
330008,18579
330118,18580
330186,18581
330255,18582
330304,18583
330437,18584
330504,18585
330554,18586
330734,18587
330808,18588
331090,18589
331188,18590
331287,18591
331376,18592
331480,18593
331486,18594
331489,18595
331939,18596
331991,18597
332009,18598
332093,18599
332156,18600
332323,18601
332328,18602
332527,18603
332576,18604
332627,18605
332975,18606
332980,18607
333005,18608
333064,18609
333117,18610
333157,18611
333164,18612
333359,18613
333360,18614
333380,18615
333464,18616
333495,18617
333592,18618
333618,18619
333655,18620
333689,18621
333780,18622
333838,18623
333876,18624
334044,18625
334140,18626
334210,18627
334234,18628
334310,18629
334452,18630
334468,18631
334473,18632
334483,18633
334493,18634
334528,18635
334529,18636
334586,18637
334688,18638
334835,18639
334965,18640
335007,18641
335131,18642
335212,18643
335255,18644
335304,18645
335405,18646
335416,18647
335511,18648
335522,18649
335597,18650
335682,18651
335709,18652
335910,18653
336205,18654
336209,18655
336215,18656
336374,18657
336423,18658
336435,18659
336497,18660
336543,18661
336547,18662
336592,18663
336759,18664
336835,18665
336855,18666
336902,18667
337022,18668
337038,18669
337043,18670
337063,18671
337211,18672
337236,18673
337292,18674
337301,18675
337308,18676
337421,18677
337449,18678
337522,18679
337582,18680
337640,18681
337664,18682
337714,18683
338098,18684
338139,18685
338146,18686
338278,18687
338457,18688
338477,18689
338611,18690
338676,18691
338715,18692
338863,18693
338892,18694
339109,18695
339284,18696
339453,18697
339474,18698
339696,18699
339807,18700
339905,18701
340111,18702
340268,18703
340357,18704
340621,18705
340698,18706
340812,18707
340829,18708
340851,18709
340909,18710
340915,18711
340996,18712
341050,18713
341056,18714
341322,18715
341383,18716
341579,18717
341648,18718
341808,18719
341903,18720
342042,18721
342174,18722
342231,18723
342573,18724
342643,18725
342697,18726
342728,18727
342762,18728
343008,18729
343044,18730
343049,18731
343064,18732
343100,18733
343137,18734
343321,18735
343412,18736
343559,18737
343629,18738
343667,18739
343698,18740
343765,18741
343821,18742
343833,18743
343908,18744
343934,18745
343990,18746
344015,18747
344025,18748
344049,18749
344164,18750
344283,18751
344319,18752
344336,18753
344558,18754
344757,18755
344776,18756
344870,18757
344916,18758
345124,18759
345232,18760
345363,18761
345502,18762
345614,18763
345899,18764
346053,18765
346063,18766
346135,18767
346159,18768
346173,18769
346314,18770
346344,18771
346361,18772
346364,18773
346546,18774
346661,18775
346763,18776
346966,18777
347002,18778
347136,18779
347150,18780
347185,18781
347323,18782
347339,18783
347591,18784
347607,18785
347623,18786
347701,18787
347784,18788
347911,18789
347943,18790
347996,18791
348008,18792
348039,18793
348050,18794
348190,18795
348200,18796
348276,18797
348366,18798
348549,18799
348602,18800
348634,18801
348635,18802
348723,18803
348730,18804
348802,18805
348870,18806
348894,18807
349022,18808
349037,18809
349170,18810
349189,18811
349246,18812
349271,18813
349435,18814
349598,18815
349736,18816
349755,18817
349789,18818
349883,18819
350009,18820
350089,18821
350179,18822
350238,18823
350443,18824
350531,18825
350534,18826
350563,18827
350689,18828
350722,18829
350781,18830
350836,18831
350894,18832
350913,18833
350932,18834
350991,18835
351013,18836
351062,18837
351138,18838
351139,18839
351156,18840
351311,18841
351327,18842
351456,18843
351469,18844
351476,18845
351631,18846
351655,18847
351722,18848
351921,18849
351925,18850
352071,18851
352425,18852
352555,18853
352673,18854
352692,18855
352781,18856
352996,18857
353256,18858
353308,18859
353426,18860
353514,18861
353652,18862
353660,18863
353818,18864
353859,18865
354028,18866
354141,18867
354158,18868
354366,18869
354424,18870
354466,18871
354553,18872
354622,18873
354661,18874
354701,18875
354827,18876
354841,18877
354876,18878
354885,18879
354979,18880
355009,18881
355130,18882
355243,18883
355621,18884
355732,18885
355770,18886
355806,18887
355871,18888
355877,18889
355879,18890
356028,18891
356040,18892
356116,18893
356134,18894
356187,18895
356343,18896
356428,18897
356549,18898
356560,18899
356717,18900
356778,18901
356866,18902
356881,18903
356923,18904
356953,18905
357019,18906
357131,18907
357354,18908
357420,18909
357575,18910
357657,18911
357712,18912
357751,18913
357873,18914
357892,18915
357905,18916
357947,18917
358169,18918
358200,18919
358209,18920
358286,18921
358553,18922
358622,18923
358768,18924
358839,18925
358911,18926
359142,18927
359156,18928
359178,18929
359222,18930
359285,18931
359292,18932
359293,18933
359390,18934
359522,18935
359562,18936
359651,18937
359727,18938
359778,18939
359787,18940
359834,18941
359835,18942
359929,18943
359977,18944
360032,18945
360096,18946
360214,18947
360234,18948
360286,18949
360499,18950
360528,18951
360549,18952
360582,18953
360833,18954
361331,18955
361341,18956
361414,18957
361476,18958
361494,18959
361518,18960
361521,18961
361631,18962
361635,18963
361669,18964
361940,18965
361968,18966
362076,18967
362093,18968
362125,18969
362133,18970
362231,18971
362338,18972
362340,18973
362347,18974
362382,18975
362388,18976
362458,18977
362656,18978
362742,18979
362858,18980
362883,18981
363073,18982
363101,18983
363102,18984
363122,18985
363413,18986
363516,18987
363588,18988
363598,18989
363721,18990
363808,18991
363821,18992
363830,18993
364193,18994
364252,18995
364484,18996
364493,18997
364662,18998
364664,18999
364678,19000
364732,19001
364748,19002
364765,19003
364824,19004
364964,19005
364985,19006
364986,19007
364990,19008
365083,19009
365088,19010
365123,19011
365518,19012
365596,19013
365723,19014
365827,19015
366059,19016
366061,19017
366148,19018
366229,19019
366330,19020
366578,19021
366948,19022
366973,19023
367036,19024
367207,19025
367227,19026
367240,19027
367290,19028
367376,19029
367414,19030
367498,19031
367708,19032
367768,19033
367843,19034
367896,19035
368118,19036
368158,19037
368209,19038
368368,19039
368388,19040
368427,19041
368733,19042
368746,19043
368785,19044
368990,19045
369025,19046
369106,19047
369159,19048
369222,19049
369337,19050
369402,19051
369426,19052
369445,19053
369499,19054
369849,19055
369853,19056
369923,19057
369973,19058
370031,19059
370103,19060
370161,19061
370406,19062
370541,19063
370572,19064
370635,19065
370726,19066
370755,19067
370846,19068
370885,19069
370891,19070
371075,19071
371159,19072
371575,19073
371581,19074
371669,19075
371704,19076
371832,19077
371872,19078
371948,19079
372087,19080
372295,19081
372324,19082
372406,19083
372456,19084
372666,19085
372945,19086
372963,19087
373001,19088
373009,19089
373052,19090
373058,19091
373111,19092
373124,19093
373284,19094
373334,19095
373346,19096
373354,19097
373390,19098
373442,19099
373477,19100
373516,19101
373523,19102
373611,19103
373619,19104
373833,19105
373848,19106
373878,19107
373964,19108
374086,19109
374162,19110
374177,19111
374228,19112
374883,19113
374887,19114
374959,19115
374987,19116
375027,19117
375073,19118
375257,19119
375301,19120
375307,19121
375370,19122
375412,19123
375481,19124
375531,19125
375608,19126
375717,19127
375809,19128
375927,19129
375930,19130
376097,19131
376107,19132
376120,19133
376155,19134
376278,19135
376387,19136
376575,19137
376622,19138
376786,19139
376829,19140
376845,19141
376850,19142
376897,19143
376898,19144
376934,19145
376969,19146
377177,19147
377433,19148
377556,19149
377598,19150
377716,19151
378030,19152
378378,19153
378410,19154
378574,19155
378602,19156
378778,19157
378788,19158
378799,19159
378981,19160
379045,19161
379146,19162
379150,19163
379283,19164
379531,19165
379641,19166
379950,19167
379967,19168
380004,19169
380095,19170
380362,19171
380491,19172
380605,19173
380632,19174
380748,19175
380814,19176
380917,19177
380954,19178
380988,19179
380990,19180
381017,19181
381029,19182
381148,19183
381438,19184
381521,19185
381522,19186
381634,19187
381726,19188
381852,19189
381868,19190
382085,19191
382092,19192
382174,19193
382297,19194
382325,19195
382343,19196
382431,19197
382534,19198
382730,19199
382741,19200
382998,19201
383048,19202
383224,19203
383339,19204
383441,19205
383454,19206
383625,19207
383739,19208
383779,19209
383793,19210
383868,19211
383872,19212
383990,19213
384069,19214
384154,19215
384181,19216
384471,19217
384521,19218
384700,19219
384740,19220
384745,19221
384760,19222
384800,19223
384905,19224
384908,19225
384909,19226
385007,19227
385036,19228
385071,19229
385126,19230
385174,19231
385433,19232
385811,19233
386143,19234
386251,19235
386279,19236
386623,19237
386763,19238
386803,19239
386824,19240
386937,19241
386997,19242
387062,19243
387086,19244
387168,19245
387212,19246
387225,19247
387261,19248
387336,19249
387481,19250
387605,19251
387645,19252
387691,19253
387873,19254
387874,19255
388153,19256
388397,19257
388431,19258
388445,19259
388500,19260
388501,19261
388506,19262
388511,19263
388606,19264
388713,19265
388830,19266
389232,19267
389287,19268
389301,19269
390175,19270
391012,19271
391028,19272
391163,19273
391281,19274
391283,19275
391298,19276
391878,19277
391880,19278
391996,19279
392180,19280
392181,19281
392342,19282
392345,19283
392356,19284
392409,19285
392763,19286
393010,19287
393077,19288
393079,19289
393210,19290
393320,19291
393411,19292
393491,19293
393523,19294
393586,19295
393601,19296
393794,19297
393795,19298
393798,19299
393839,19300
394007,19301
394114,19302
394230,19303
394244,19304
394495,19305
394518,19306
394540,19307
394616,19308
395145,19309
395275,19310
395312,19311
395313,19312
395390,19313
395399,19314
395448,19315
395452,19316
395542,19317
395619,19318
395835,19319
395852,19320
395949,19321
395966,19322
396253,19323
396343,19324
396711,19325
396730,19326
396895,19327
396953,19328
397049,19329
397218,19330
397238,19331
397360,19332
397407,19333
397515,19334
397572,19335
397575,19336
397620,19337
397640,19338
397659,19339
397718,19340
397737,19341
397754,19342
397836,19343
397864,19344
397920,19345
398000,19346
398323,19347
398445,19348
398464,19349
398821,19350
398844,19351
399162,19352
399388,19353
399656,19354
399882,19355
400137,19356
400154,19357
400240,19358
400290,19359
400513,19360
400777,19361
400884,19362
400909,19363
400949,19364
401397,19365
401458,19366
402156,19367
402352,19368
403512,19369
403520,19370
403550,19371
404027,19372
404355,19373
404356,19374
404470,19375
404610,19376
404834,19377
404885,19378
405925,19379
405943,19380
405993,19381
406047,19382
406237,19383
406369,19384
406380,19385
406762,19386
406852,19387
406867,19388
407506,19389
407567,19390
407694,19391
407747,19392
408043,19393
408281,19394
408295,19395
408318,19396
408629,19397
408755,19398
409186,19399
409412,19400
409447,19401
409522,19402
409649,19403
409855,19404
409883,19405
409972,19406
410027,19407
410093,19408
410095,19409
410130,19410
410185,19411
410347,19412
410387,19413
410406,19414
410482,19415
410493,19416
410505,19417
410663,19418
410728,19419
410814,19420
411042,19421
411045,19422
411068,19423
411314,19424
411501,19425
411717,19426
411791,19427
411937,19428
412134,19429
412338,19430
412465,19431
412634,19432
413023,19433
413122,19434
413362,19435
413569,19436
413634,19437
413638,19438
413663,19439
413666,19440
413694,19441
413730,19442
413832,19443
414082,19444
414234,19445
414783,19446
414809,19447
414865,19448
414914,19449
414980,19450
415095,19451
415154,19452
415193,19453
415397,19454
415600,19455
415707,19456
415803,19457
416373,19458
416421,19459
416708,19460
416835,19461
417032,19462
417103,19463
417292,19464
417705,19465
417708,19466
418122,19467
418682,19468
418692,19469
418835,19470
418894,19471
419258,19472
419596,19473
420289,19474
420398,19475
420521,19476
420926,19477
421092,19478
422009,19479
422079,19480
422135,19481
422354,19482
422389,19483
422465,19484
422768,19485
422866,19486
422886,19487
422978,19488
423141,19489
423225,19490
423316,19491
423338,19492
423363,19493
423430,19494
423484,19495
423494,19496
423600,19497
423618,19498
423787,19499
423936,19500
423946,19501
423955,19502
424018,19503
424063,19504
424183,19505
424189,19506
424268,19507
424480,19508
424498,19509
424705,19510
424790,19511
424933,19512
425452,19513
425458,19514
425703,19515
426073,19516
426090,19517
426261,19518
426791,19519
426872,19520
426892,19521
427044,19522
427328,19523
427411,19524
427438,19525
427534,19526
427550,19527
427553,19528
427998,19529
428004,19530
428116,19531
428248,19532
428285,19533
428476,19534
428671,19535
428708,19536
428818,19537
429031,19538
429128,19539
429576,19540
429619,19541
429679,19542
429838,19543
429952,19544
430055,19545
430334,19546
430350,19547
430587,19548
430777,19549
431105,19550
431399,19551
431456,19552
431561,19553
431756,19554
431876,19555
431932,19556
432013,19557
432032,19558
432153,19559
432323,19560
432391,19561
432490,19562
432666,19563
433459,19564
433523,19565
433674,19566
434275,19567
434380,19568
434823,19569
434863,19570
434866,19571
434896,19572
435412,19573
435616,19574
435905,19575
436159,19576
436254,19577
436332,19578
436350,19579
436542,19580
436757,19581
437114,19582
437198,19583
437223,19584
437479,19585
437729,19586
438373,19587
438551,19588
438624,19589
438883,19590
438884,19591
438888,19592
439307,19593
439463,19594
440046,19595
440697,19596
440966,19597
441475,19598
441782,19599
441783,19600
441862,19601
441944,19602
442098,19603
442185,19604
443024,19605
443177,19606
443401,19607
443621,19608
443640,19609
443758,19610
443987,19611
444761,19612
444768,19613
444830,19614
444946,19615
445018,19616
445098,19617
445100,19618
445214,19619
445229,19620
445240,19621
445989,19622
446017,19623
446277,19624
446392,19625
446480,19626
446809,19627
446821,19628
446902,19629
446951,19630
447487,19631
447543,19632
447553,19633
447582,19634
447685,19635
448067,19636
448535,19637
448861,19638
449167,19639
449378,19640
449452,19641
449529,19642
449740,19643
449747,19644
450153,19645
452470,19646
452687,19647
452783,19648
453097,19649
453141,19650
454644,19651
454788,19652
454896,19653
454932,19654
454978,19655
455374,19656
455510,19657
455607,19658
455629,19659
455672,19660
455735,19661
455868,19662
455894,19663
455974,19664
456146,19665
456285,19666
456610,19667
456655,19668
456694,19669
456733,19670
456789,19671
456836,19672
456890,19673
457007,19674
457035,19675
457235,19676
457947,19677
457972,19678
458008,19679
458983,19680
459011,19681
459492,19682
459558,19683
460474,19684
460680,19685
460857,19686
461077,19687
461086,19688
461912,19689
462299,19690
462563,19691
462993,19692
463068,19693
463076,19694
463173,19695
463294,19696
463626,19697
463710,19698
464220,19699
464936,19700
465019,19701
465650,19702
465655,19703
466215,19704
466261,19705
466827,19706
467871,19707
468147,19708
468251,19709
469831,19710
470501,19711
470773,19712
471486,19713
471814,19714
471979,19715
472445,19716
472473,19717
472957,19718
473225,19719
473793,19720
474297,19721
474439,19722
474518,19723
474520,19724
474521,19725
474694,19726
474792,19727
474982,19728
474987,19729
475041,19730
475145,19731
475210,19732
475262,19733
475446,19734
475454,19735
475572,19736
475591,19737
475666,19738
475693,19739
475727,19740
475780,19741
475813,19742
475819,19743
475899,19744
476314,19745
477124,19746
478379,19747
479196,19748
479492,19749
479755,19750
480089,19751
480112,19752
480137,19753
480215,19754
480795,19755
481146,19756
481341,19757
481501,19758
482047,19759
482305,19760
482385,19761
483212,19762
483231,19763
483458,19764
483677,19765
483803,19766
483902,19767
484232,19768
484420,19769
484426,19770
484807,19771
485857,19772
486156,19773
486261,19774
486267,19775
486355,19776
486453,19777
486496,19778
486641,19779
486659,19780
486710,19781
486942,19782
487003,19783
487017,19784
487039,19785
487073,19786
487111,19787
487492,19788
487551,19789
487555,19790
487568,19791
487593,19792
487608,19793
487667,19794
487669,19795
487671,19796
487741,19797
487760,19798
487772,19799
488567,19800
490247,19801
491126,19802
491771,19803
491858,19804
491951,19805
491998,19806
492215,19807
492598,19808
493203,19809
493413,19810
493958,19811
493963,19812
494182,19813
494303,19814
494359,19815
494369,19816
494435,19817
494438,19818
494491,19819
494515,19820
494609,19821
494631,19822
494671,19823
494720,19824
494768,19825
494784,19826
494953,19827
494972,19828
495124,19829
495134,19830
495152,19831
495181,19832
495187,19833
495202,19834
495222,19835
495271,19836
495275,19837
495291,19838
495292,19839
495386,19840
495488,19841
495577,19842
495967,19843
496552,19844
496573,19845
496591,19846
496614,19847
496730,19848
496767,19849
496992,19850
497021,19851
497130,19852
497236,19853
497261,19854
497295,19855
497382,19856
497450,19857
497715,19858
497736,19859
498225,19860
498662,19861
498738,19862
499068,19863
499075,19864
499315,19865
499705,19866
499911,19867
500090,19868
500210,19869
500502,19870
501041,19871
501294,19872
501408,19873
501742,19874
502197,19875
502353,19876
502824,19877
502831,19878
502859,19879
502861,19880
503642,19881
504455,19882
505338,19883
505477,19884
505491,19885
505641,19886
505862,19887
507069,19888
507176,19889
507731,19890
507801,19891
508263,19892
508302,19893
509504,19894
509663,19895
512030,19896
512584,19897
513062,19898
513064,19899
513216,19900
514423,19901
514605,19902
514791,19903
514838,19904
514965,19905
514966,19906
515151,19907
515167,19908
516009,19909
516386,19910
516527,19911
517572,19912
517594,19913
517764,19914
517863,19915
518015,19916
518068,19917
518069,19918
518143,19919
518145,19920
518151,19921
518198,19922
518202,19923
518208,19924
518229,19925
518280,19926
519340,19927
519642,19928
520968,19929
524479,19930
524744,19931
524863,19932
524867,19933
524958,19934
524984,19935
526984,19936
528131,19937
530004,19938
530224,19939
530645,19940
533699,19941
533997,19942
